Customer ID,Name,Age,Gender,Delivery Person ID,Delivery Person Name,Delivery Person Age,Delivery Person Gender,Restaurant Name,City,State,Food Item Name,Category,Order ID,Quantity,Unit Price,Delivery Fees,Total Price,Order Time
1,Russell Benton,19,Male,1001,Melissa Sloan,39,Female,Howell Inc,Lauraborough,Arkansas,Drug,Thai,ORD001,3,13.62,2.29,43.15,2024-03-17 04:39:28.599463
2,Eric Grimes,23,Female,1002,Jack Harrington,45,Male,Nicholson-Martinez,New Thomasville,Iowa,Onto,American,ORD002,3,15.89,3.76,51.43,2024-01-21 04:25:48.333387
3,Timothy White,46,Female,1003,David Kim,41,Male,Gonzales-Ruiz,West Jennifer,Kansas,Partner,Japanese,ORD003,5,12.1,3.01,63.51,2024-03-26 08:54:55.143112
4,Thomas Robertson,56,Female,1004,Thomas Rush,49,Male,"Stanley, Schultz and Robertson",New Amanda,Maryland,Which,Indian,ORD004,3,18.46,3.89,59.27,2024-02-29 18:09:43.861844
5,Samantha Knox,35,Female,1005,Kevin Quinn,24,Female,Tucker-Alvarez,Amyshire,Kentucky,Organization,Thai,ORD005,3,5.7,6.89,23.99,2024-02-20 06:44:58.357953
6,Shannon Malone,33,Male,1006,Edward Navarro,19,Female,Barker Group,North Melissa,Illinois,Foot,Thai,ORD006,4,19.0,6.54,82.54,2024-04-04 02:25:20.036937
7,Kimberly Roberts,50,Female,1007,Scott Murray,56,Female,Rogers-Newman,Catherinefurt,New Hampshire,Member,American,ORD007,2,10.16,5.2,25.52,2024-01-08 02:14:41.656201
8,Lisa Williamson,59,Male,1008,Scott Vasquez,51,Female,"Berger, Ellis and Fields",Diaztown,Michigan,Arm,Vietnamese,ORD008,1,9.19,5.38,14.57,2024-02-21 09:36:17.075309
9,Mike Torres,36,Female,1009,Jessica Long,55,Female,"Johnson, Austin and Taylor",Teresahaven,South Dakota,Note,American,ORD009,5,17.27,2.09,88.44,2024-02-17 19:01:51.605111
10,Teresa Smith,52,Female,1010,Joseph Kirk,49,Male,Ryan Ltd,New Melinda,New York,Partner,Indian,ORD010,5,6.42,4.36,36.46,2024-01-26 05:46:58.781968
11,Billy Garcia,31,Female,1011,Amanda Taylor,26,Female,Cobb-Knapp,Lake Emilyport,Louisiana,Use,Mexican,ORD011,1,11.17,2.75,13.92,2024-01-08 06:51:38.430529
12,Tracey Galvan,21,Female,1012,Emily Davis,22,Female,Garcia-Rodriguez,Port Carl,Minnesota,Nor,Vietnamese,ORD012,2,10.49,6.13,27.11,2024-02-13 18:31:33.046800
13,Kenneth Rodriguez,60,Male,1013,Alan Love,54,Female,Parsons-Williams,Lake Paige,Connecticut,Professor,Italian,ORD013,4,17.14,4.22,72.78,2024-04-01 07:07:39.554166
14,Daniel Francis,48,Male,1014,Brent Spencer,31,Male,Tucker-Green,Port Leroy,Alabama,Why,Thai,ORD014,3,9.4,3.24,31.44,2024-01-15 23:23:07.226324
15,Carol Carter,44,Female,1015,Ryan Ruiz,41,Male,"Smith, Woods and Banks",North Johnny,New Jersey,A,Vietnamese,ORD015,1,9.9,5.51,15.41,2024-01-12 18:05:26.807572
16,Jill Chavez,58,Female,1016,Kristy Erickson,18,Male,"Griffin, Wilkerson and Livingston",Tonyton,Massachusetts,Hotel,Vietnamese,ORD016,2,9.22,3.05,21.49,2024-04-16 12:51:54.122494
17,Joshua Shelton,57,Male,1017,Janet Turner,23,Female,Smith Ltd,Brandimouth,Hawaii,Black,Mexican,ORD017,1,5.68,6.92,12.6,2024-02-28 02:25:30.351494
18,Stacy Reynolds,59,Male,1018,Patricia Sanchez,30,Male,Alexander-Galvan,Lake Beth,Pennsylvania,Sense,American,ORD018,2,17.71,3.96,39.38,2024-01-06 12:17:12.083860
19,Michael Gomez,33,Female,1019,James Kaufman,26,Female,Pierce-Lewis,South Rachel,Ohio,Meet,Thai,ORD019,3,13.5,6.22,46.72,2024-03-30 22:51:11.388411
20,Patrick Brown,53,Male,1020,Taylor Smith,29,Male,Woodard Ltd,East Elizabeth,Georgia,Must,American,ORD020,2,12.24,6.09,30.57,2024-03-13 21:29:35.429437
21,Scott White,59,Male,1021,Katherine Patel,53,Female,Gonzalez Ltd,Kimton,Iowa,Stand,Italian,ORD021,4,12.14,3.28,51.84,2024-02-19 04:26:19.055036
22,Eric Harris,48,Female,1022,Cassandra Murphy,48,Male,Ray Ltd,North Tylerside,South Dakota,People,Vietnamese,ORD022,1,17.8,5.07,22.87,2024-01-11 20:35:50.787131
23,Jay Richards,43,Female,1023,Curtis Weeks,19,Male,Lopez-Stone,Victorborough,Idaho,With,Italian,ORD023,3,18.27,3.37,58.18,2024-02-24 09:27:04.516133
24,Gary Benson,28,Female,1024,Timothy Owens,19,Female,Patton-Schwartz,Lake Barbara,Washington,Response,Thai,ORD024,4,17.73,6.84,77.76,2024-02-24 12:56:12.660592
25,Wyatt Jacobs,48,Male,1025,Edward Jefferson,55,Female,"Hayden, Ford and Escobar",East Deborahfurt,Wyoming,The,Thai,ORD025,2,6.35,3.08,15.78,2024-01-08 23:46:34.418277
26,Scott Leon,25,Female,1026,Pamela Baker,27,Male,"Gay, Nichols and Garcia",Ashleytown,Ohio,Item,Thai,ORD026,2,8.69,5.52,22.9,2024-02-20 20:41:47.969895
27,Lauren Mckinney,45,Female,1027,Tim Clark,59,Male,Yang-Stevens,East Ricky,Massachusetts,Treatment,Indian,ORD027,5,15.66,5.65,83.95,2024-01-06 16:51:22.440917
28,Kristen Rich,21,Male,1028,Steven Williams,35,Female,"Fowler, Moore and Carey",Curtisborough,Nevada,Reflect,Italian,ORD028,2,7.74,2.12,17.6,2024-04-05 12:30:08.864138
29,Joseph Williams,23,Female,1029,Ryan Stanton,49,Male,"Ballard, Williams and Miller",Laurahaven,Iowa,Land,Italian,ORD029,4,13.49,5.0,58.96,2024-01-10 14:53:00.428010
30,Jennifer Miller,22,Male,1030,Brandon Ritter,34,Female,Flores Ltd,Kimberlyshire,Texas,Shake,Thai,ORD030,3,9.25,6.55,34.3,2024-02-13 21:13:27.574310
31,Tamara Summers,40,Female,1031,Brandon Smith,24,Female,Walker-Torres,Burchfort,Oklahoma,Professor,American,ORD031,5,13.41,5.91,72.96,2024-01-17 05:48:49.525128
32,Tracy Valdez,24,Male,1032,Crystal Olson,35,Male,Miller-Bishop,Belltown,Kentucky,Street,Japanese,ORD032,1,7.94,2.41,10.35,2024-03-31 20:30:42.888935
33,Katie Hill,36,Female,1033,Steven Mccarthy,41,Female,Rivera-Jones,Erichaven,Texas,Building,Vietnamese,ORD033,1,11.59,6.33,17.92,2024-03-13 17:24:35.140550
34,David Pitts,35,Female,1034,Adam Boone,26,Male,Pitts Inc,South Lisa,Alaska,Control,Japanese,ORD034,4,17.42,6.23,75.91,2024-03-31 03:02:33.623480
35,Nancy Leblanc,23,Male,1035,Michael Manning,38,Female,"Dyer, Gonzalez and Trevino",New Cynthiafurt,Georgia,Whatever,American,ORD035,4,7.08,5.01,33.33,2024-03-20 21:39:09.282587
36,John Hernandez,44,Female,1036,Timothy Cunningham,54,Female,"Holmes, Miranda and Estrada",Lake Andrewport,Mississippi,Office,Thai,ORD036,2,18.37,3.1,39.84,2024-02-23 18:07:19.280063
37,Melanie French,27,Female,1037,Drew Thomas,39,Male,Holmes Inc,Sarahside,Ohio,Number,Mexican,ORD037,4,16.56,6.86,73.1,2024-02-09 15:48:06.476120
38,Sandra Woodard,26,Male,1038,Frank Becker,53,Male,"Dominguez, Harrison and Vazquez",Stewarthaven,Maryland,Strong,American,ORD038,1,18.11,4.45,22.56,2024-01-28 09:45:34.792124
39,Justin Frank,19,Male,1039,Shelby Stanton,20,Female,"Wiley, Hurley and Jackson",West Jeanetteside,Pennsylvania,Claim,Vietnamese,ORD039,4,16.0,5.46,69.46,2024-02-23 04:51:25.691534
40,Melissa Montes,38,Male,1040,Nicholas Christensen,46,Male,"Ray, Walker and Zhang",Michelleborough,North Dakota,Fact,Vietnamese,ORD040,5,5.45,4.0,31.25,2024-01-04 21:08:34.104264
41,Jacob Mooney,56,Female,1041,Willie Rodriguez,54,Female,Schmidt-Kelly,North Jameschester,North Dakota,Commercial,Vietnamese,ORD041,2,6.46,5.88,18.8,2024-01-12 08:30:10.881530
42,Eric York,41,Male,1042,Jennifer Christensen,53,Female,Daniel-Brown,Barberburgh,Rhode Island,Place,Italian,ORD042,4,17.0,2.65,70.65,2024-03-23 08:28:23.983350
43,David Hunt,45,Male,1043,Katie Clark,20,Male,Washington LLC,Port Amber,North Carolina,Move,Vietnamese,ORD043,4,14.47,3.23,61.11,2024-04-14 13:06:21.527849
44,Miguel Brown,51,Female,1044,Jenny Cobb,30,Male,"Jackson, Serrano and Butler",South Tyler,New York,Anyone,Mexican,ORD044,3,19.8,2.68,62.08,2024-04-03 17:56:52.823719
45,Matthew Pace,50,Female,1045,Eric Norton,60,Male,Beltran LLC,North Judyfurt,Pennsylvania,Between,American,ORD045,1,18.75,3.06,21.81,2024-02-08 17:35:18.574703
46,Melissa Montgomery,52,Male,1046,Brian Ruiz,57,Female,"Cuevas, Mosley and Hernandez",East Scott,Hawaii,Different,Japanese,ORD046,3,9.21,6.18,33.81,2024-02-24 07:31:14.395895
47,Sabrina Johnson,56,Female,1047,Brenda Skinner,34,Male,Kennedy-Gomez,Port Benjamin,Rhode Island,Type,Italian,ORD047,5,6.99,4.76,39.71,2024-03-18 00:42:10.080687
48,Jeff Boyd,55,Male,1048,Desiree Thompson,44,Female,"Beck, Evans and Barnett",Sandershaven,Arkansas,System,Italian,ORD048,1,18.05,5.81,23.86,2024-03-18 09:26:08.019949
49,Joseph Burns,29,Male,1049,Lisa Bray,50,Female,Wiley-Anderson,Stanleyport,West Virginia,Financial,Indian,ORD049,1,19.14,5.8,24.94,2024-02-28 19:46:10.393984
50,Connie Garcia,46,Female,1050,Norman Johnson,42,Male,Gregory-Rodriguez,Port Darrenland,New Mexico,Man,Japanese,ORD050,1,15.19,3.13,18.32,2024-02-12 10:03:56.689730
51,Cody Cantu,43,Female,1051,Nathan Moore,57,Female,Mcintyre Inc,New Jaredmouth,Missouri,Home,American,ORD051,3,12.42,3.84,41.1,2024-01-17 14:42:06.323035
52,Kevin Potts,43,Female,1052,Pam Barajas,58,Female,Morgan-Perez,Douglasside,Utah,Room,Mexican,ORD052,5,14.93,5.34,79.99,2024-02-20 23:01:21.350222
53,Michael Barker,31,Male,1053,Kayla Vaughn,51,Male,Hudson Ltd,East Karen,New Jersey,Law,Vietnamese,ORD053,2,13.52,2.77,29.81,2024-03-05 11:48:02.858691
54,Dean Villarreal,18,Female,1054,Matthew Savage,19,Male,"Kim, Meza and Shepherd",Davisport,Tennessee,City,Mexican,ORD054,1,17.26,2.13,19.39,2024-01-15 16:51:33.892328
55,Christopher Duffy,36,Male,1055,Richard Chang,27,Female,"Hill, Villarreal and Flores",Kimstad,Maryland,If,Indian,ORD055,5,18.9,6.27,100.77,2024-01-24 15:02:50.223804
56,Paul Dominguez,24,Male,1056,Tony Foster,24,Female,"Fox, Hughes and Thompson",Port Jerry,Texas,Go,Thai,ORD056,1,9.63,4.39,14.02,2024-01-22 13:27:42.696762
57,Ashley Perkins,44,Male,1057,Shawn Jones,22,Male,Bowen-Fox,Randallland,Delaware,Instead,American,ORD057,2,9.43,2.08,20.94,2024-01-27 02:44:01.117345
58,Kaitlin Alexander,56,Male,1058,Michelle Sawyer,52,Female,"Martinez, Roberts and Harris",New Raymondstad,Rhode Island,Whatever,Mexican,ORD058,5,7.44,4.47,41.67,2024-02-03 05:11:08.747998
59,Kristi Jackson,57,Female,1059,Valerie King,32,Male,Chaney-Mcdonald,Hammondmouth,Oklahoma,Situation,Mexican,ORD059,1,14.53,6.31,20.84,2024-02-17 19:08:06.146695
60,Mr. Noah Richmond,22,Male,1060,Dr. Gabrielle Miller,49,Male,Wells-Wolfe,Anthonymouth,Nevada,Power,Thai,ORD060,3,12.25,2.87,39.62,2024-01-19 15:47:25.565368
61,David Riggs,18,Female,1061,Claire Cohen,35,Male,"Silva, Rios and Rogers",Lake Lori,Oregon,With,Mexican,ORD061,3,11.62,2.06,36.92,2024-02-01 00:49:18.824913
62,Beth Day,37,Female,1062,Keith White,43,Male,"Frye, Torres and Henry",New Michelle,California,Base,Indian,ORD062,1,12.26,5.71,17.97,2024-04-14 03:05:23.344545
63,Nicholas Nelson,53,Male,1063,Stacey Harris,31,Female,"Luna, Edwards and Collins",Paceberg,Indiana,Black,Thai,ORD063,5,5.05,5.57,30.82,2024-03-16 05:12:50.938605
64,Matthew Hensley,53,Male,1064,David Hughes,37,Female,Bailey-Cole,Annaborough,Florida,Get,Italian,ORD064,4,15.39,3.01,64.57,2024-01-13 19:45:18.339798
65,Peter Martinez,39,Female,1065,Alexis Conner,37,Female,Meyer-Parker,East Michelleburgh,Kansas,Technology,Italian,ORD065,4,12.74,6.95,57.91,2024-01-02 16:20:47.240010
66,Douglas Hartman,41,Female,1066,Matthew Thomas,55,Male,"Smith, Pugh and Evans",Oconnellmouth,Massachusetts,Tell,Mexican,ORD066,1,7.26,5.76,13.02,2024-03-24 12:31:02.223247
67,Austin May,31,Male,1067,Veronica Dunn,44,Male,Lewis-Kidd,Port Justin,Oregon,Something,Mexican,ORD067,3,10.74,5.89,38.11,2024-03-02 18:00:04.068678
68,Scott Fields,49,Male,1068,Courtney Carr,52,Female,Boyle-Compton,Anthonytown,Oklahoma,Share,Vietnamese,ORD068,4,11.86,4.1,51.54,2024-03-28 22:24:40.168082
69,Amy Martinez,20,Male,1069,Tiffany Hurst,39,Female,Thompson LLC,East Robertville,Virginia,Another,Italian,ORD069,1,17.81,6.41,24.22,2024-02-12 21:26:58.831278
70,Mark Richardson,40,Male,1070,Michelle Reynolds,56,Female,Reynolds-Yoder,Jonesbury,Connecticut,Think,Japanese,ORD070,2,14.44,4.36,33.24,2024-01-12 15:22:54.429273
71,Linda Hall,24,Female,1071,Sara Burnett,27,Female,Henry PLC,Atkinsonshire,New Hampshire,Enjoy,Thai,ORD071,4,6.06,3.39,27.63,2024-03-11 14:21:29.814512
72,Lauren Garcia,26,Male,1072,Autumn Stewart,33,Male,"Simon, Potter and Park",Staceystad,Maine,Blue,Mexican,ORD072,2,13.87,6.57,34.31,2024-03-26 07:20:16.795665
73,Sharon Bowman,31,Female,1073,Michael Brewer,28,Female,Nguyen PLC,Lake Johnville,Kentucky,Explain,Vietnamese,ORD073,4,15.71,2.36,65.2,2024-04-04 00:31:40.275763
74,Philip Davis,31,Male,1074,Matthew Miller,41,Male,"Davis, Hernandez and Garza",Lake Elizabeth,Texas,Executive,Japanese,ORD074,2,16.17,3.77,36.11,2024-04-08 23:59:16.642626
75,Casey Jones,30,Female,1075,Laurie Watson,24,Female,Zimmerman PLC,Kelseychester,Montana,Director,Indian,ORD075,1,10.85,3.93,14.78,2024-02-14 03:43:00.527146
76,Chelsea Brown,50,Male,1076,Catherine Cain,48,Male,Nguyen-Le,Taylorchester,Maine,Change,Indian,ORD076,4,18.71,4.06,78.9,2024-03-12 10:28:24.634310
77,Thomas Martinez,27,Male,1077,Daniel Dixon,27,Male,Hall Inc,Rogerburgh,Rhode Island,Again,Thai,ORD077,1,17.45,5.31,22.76,2024-03-20 18:57:40.929668
78,Katherine Hawkins,35,Female,1078,Andrew Kim,48,Male,Whitaker-Miller,West Heiditown,Kansas,Face,Japanese,ORD078,1,11.92,6.7,18.62,2024-01-11 19:03:52.501106
79,Ryan Allison,50,Female,1079,Matthew Edwards,58,Female,"Fletcher, Cox and Gordon",West Stephanie,Iowa,Right,Vietnamese,ORD079,4,17.37,5.46,74.94,2024-01-29 01:57:27.210138
80,Ronald Houston,22,Female,1080,Rebecca Swanson,31,Female,Jacobs Inc,East Joseph,Nebraska,Describe,Thai,ORD080,4,17.39,4.66,74.22,2024-01-04 20:14:58.720884
81,Donald Saunders,24,Male,1081,Dawn Goodman,37,Male,Acosta-Mason,Davenportview,Oregon,Yet,Japanese,ORD081,2,6.95,4.71,18.61,2024-01-18 10:45:00.912374
82,Joseph Carroll,35,Male,1082,Colleen Johnston,24,Female,"Barnes, Weaver and Hernandez",Toddhaven,West Virginia,Paper,Italian,ORD082,3,7.23,3.38,25.07,2024-04-18 01:14:41.054001
83,Rebecca Hernandez,57,Female,1083,Leah Erickson,37,Male,Olson PLC,Port Michelleside,South Carolina,Level,American,ORD083,5,13.83,3.89,73.04,2024-03-29 15:13:19.287160
84,Lauren Jenkins,34,Female,1084,Meghan Williams,20,Female,Brown-Lowe,South Mariamouth,Louisiana,Professional,Japanese,ORD084,4,19.99,5.34,85.3,2024-04-15 04:21:41.362657
85,Daniel Gibson MD,26,Male,1085,Deborah Hunt,36,Female,"Case, Miller and Anderson",New Glennfort,Maine,Probably,Indian,ORD085,1,17.04,6.86,23.9,2024-03-31 22:02:16.360211
86,Robert Johnson,39,Male,1086,Jessica Downs,21,Female,"Jones, Carrillo and Anderson",Wilsonborough,Pennsylvania,Prepare,Indian,ORD086,1,18.76,6.53,25.29,2024-01-27 09:55:17.967763
87,Garrett Carson,21,Male,1087,Tara Robinson,23,Female,Collins-Navarro,Mckinneymouth,Wyoming,Leave,Thai,ORD087,3,14.33,3.57,46.56,2024-01-01 06:59:05.652776
88,David Fitzpatrick,18,Female,1088,Anna Smith,55,Male,"Lopez, Russell and Patterson",North Michelle,Texas,Near,Indian,ORD088,1,11.49,3.54,15.03,2024-02-02 07:04:46.099627
89,Mr. Trevor Buchanan,43,Male,1089,Edward Pena,50,Male,"Thompson, Bruce and Evans",East Davidland,Minnesota,Art,Thai,ORD089,5,12.95,6.42,71.17,2024-03-27 02:41:03.260836
90,Anna Brady,40,Female,1090,Ralph Hester,35,Male,"Sharp, Thompson and Johnson",Lake Joshuahaven,Maryland,Read,Vietnamese,ORD090,2,18.32,6.82,43.46,2024-02-03 12:51:44.313976
91,Stephen Haas,58,Female,1091,Cynthia Carrillo,51,Male,Adams-Thompson,Johnsonhaven,Georgia,Paper,Vietnamese,ORD091,3,15.25,2.03,47.78,2024-03-14 17:15:11.321865
92,Paul Gutierrez,24,Female,1092,Heather Johnson,25,Male,"Sanchez, Charles and White",East Patriciaborough,South Dakota,Civil,Thai,ORD092,4,19.76,6.39,85.43,2024-04-01 04:30:40.760796
93,Charles Vaughn,59,Female,1093,Thomas Proctor,29,Female,"Robinson, Moss and Kennedy",Mackenzietown,Nebraska,Arrive,Thai,ORD093,1,8.22,2.64,10.86,2024-01-31 22:49:25.163961
94,Krystal Page,60,Male,1094,William Johnson,23,Female,"Lee, Holder and Ellis",Christineside,Alaska,Particularly,Thai,ORD094,2,8.65,5.01,22.31,2024-03-23 02:20:58.903036
95,Christopher Brown,22,Female,1095,Linda Thompson,29,Female,Huff LLC,Port Ronald,Alaska,Power,Vietnamese,ORD095,1,6.64,4.49,11.13,2024-01-01 21:40:44.507464
96,Patricia Morales,48,Female,1096,John Le,19,Female,"Aguilar, Perez and Taylor",Port Jesse,New York,Theory,Italian,ORD096,4,19.16,5.49,82.13,2024-02-04 05:30:12.015739
97,Chad Bruce,53,Male,1097,Jacqueline Goodwin,37,Female,Little Group,New Davidtown,Nebraska,Admit,American,ORD097,2,19.27,4.13,42.67,2024-03-27 20:08:26.116347
98,Jeffrey Jones,60,Female,1098,Curtis Brown,25,Male,Copeland-Wilson,East Christopherburgh,West Virginia,Notice,Indian,ORD098,3,14.42,5.72,48.98,2024-04-14 17:35:17.581868
99,Elizabeth Hodges,57,Male,1099,Jason Short,21,Male,Evans-Kent,Ashleyburgh,Oklahoma,Conference,Thai,ORD099,5,10.49,4.73,57.18,2024-04-10 13:46:06.770411
100,Amanda Perry,27,Male,1100,Maria Harris,39,Male,"Fuentes, Gonzalez and Green",West Angela,Iowa,Process,Italian,ORD100,3,15.15,3.39,48.84,2024-01-02 23:36:23.901895
101,Matthew Rojas,55,Female,1101,Michelle Miller,34,Male,"Carroll, Johnson and Mccoy",Johnhaven,Alaska,Still,Vietnamese,ORD101,1,14.73,3.92,18.65,2024-02-11 17:52:50.831023
102,Grant Kemp,30,Female,1102,Kimberly Reed,46,Male,Klein Group,East Karenport,North Dakota,Doctor,American,ORD102,1,7.95,6.18,14.13,2024-02-29 10:40:51.272791
103,Katherine Whitney,56,Female,1103,Morgan Gutierrez,22,Female,Ryan LLC,North Joyfort,Nebraska,Student,Thai,ORD103,5,5.54,5.49,33.19,2024-01-21 15:30:25.046683
104,Trevor Hunter,30,Female,1104,Melissa Rodriguez,55,Female,Goodman Inc,South Johnview,Nevada,Fill,Indian,ORD104,2,9.16,5.38,23.7,2024-03-13 04:22:18.884147
105,Kelsey Mills,30,Female,1105,Geoffrey Sanchez,23,Female,Jones Inc,Allisonland,Georgia,Range,Indian,ORD105,2,11.7,5.23,28.63,2024-03-19 10:38:08.695845
106,Benjamin Kaufman,49,Male,1106,Jaclyn Hernandez,36,Male,Walsh-Scott,East Monica,Massachusetts,Listen,Italian,ORD106,5,6.55,2.94,35.69,2024-03-30 11:50:48.465021
107,Shelia Levine,48,Female,1107,Sylvia Torres,50,Female,Miller-Marsh,Port Leslie,Oklahoma,Song,Italian,ORD107,4,11.21,3.65,48.49,2024-03-04 20:28:32.057606
108,Terry Gill,31,Male,1108,Holly Weaver,57,Female,Phillips Group,Sharonborough,Louisiana,Camera,Vietnamese,ORD108,1,14.87,3.16,18.03,2024-02-22 03:25:48.520651
109,Leslie Benton,29,Male,1109,Roger Allison,25,Female,Oneal Inc,South Christinaland,North Carolina,Home,Mexican,ORD109,5,7.36,5.44,42.24,2024-01-15 07:19:37.617318
110,Jeffrey Lopez,42,Male,1110,Katherine Lewis,32,Female,"Chen, Woodard and Waters",East Megan,Texas,Subject,Japanese,ORD110,1,12.94,5.77,18.71,2024-02-23 22:36:17.423500
111,Julie Stuart,24,Male,1111,Michael Chang,51,Male,"Bowers, Flores and James",Port Mirandaview,California,Century,Japanese,ORD111,4,9.66,3.22,41.86,2024-01-28 12:31:34.756489
112,Scott Hernandez,24,Male,1112,Michele Perez,23,Male,"Brown, Oliver and Martin",Bryanberg,Wisconsin,Television,American,ORD112,3,12.89,5.05,43.72,2024-02-29 03:28:04.779531
113,Audrey Schroeder,41,Male,1113,Jeremy Thomas,36,Female,"Simmons, Jones and Edwards",Stephensonberg,North Carolina,Final,Mexican,ORD113,2,13.06,2.06,28.18,2024-01-20 02:01:20.937635
114,James Tanner,50,Male,1114,Danielle Ruiz,41,Male,Woodward PLC,Port Jonathan,Mississippi,Large,Thai,ORD114,5,15.71,5.14,83.69,2024-02-21 04:56:02.787310
115,Anna Delgado,45,Male,1115,Melissa Vega,21,Female,Weber-Frank,Martinezfurt,North Dakota,Everyone,American,ORD115,1,6.2,2.9,9.1,2024-02-26 19:58:50.116076
116,Andre Russell,19,Female,1116,Nancy Peterson,44,Female,"Pierce, Hancock and Knight",Port Martinview,South Dakota,Happy,American,ORD116,3,11.98,3.36,39.3,2024-04-03 03:24:11.524360
117,Sandra Ayers,39,Male,1117,Jared Cox,52,Female,Lawrence and Sons,Terryberg,West Virginia,Lose,Italian,ORD117,4,10.29,6.51,47.67,2024-02-25 15:29:30.341134
118,Leroy Lambert,33,Male,1118,Jessica Young,23,Male,"Hill, Franco and Holland",Anthonyton,Iowa,Professor,Vietnamese,ORD118,1,18.26,2.85,21.11,2024-03-25 10:58:45.086261
119,Shelly Simmons,32,Male,1119,Cory Miller,45,Female,Jones Group,East Margaretmouth,Wisconsin,Social,Indian,ORD119,3,16.39,2.11,51.28,2024-01-20 23:52:45.187868
120,Amanda Contreras,45,Female,1120,Timothy Wiley,29,Female,Morrison-Campbell,Davisshire,West Virginia,American,Vietnamese,ORD120,4,15.11,6.75,67.19,2024-02-20 01:58:32.460836
121,Tracy Price,24,Male,1121,Bill Taylor,26,Male,"Leonard, Jones and Hays",Port James,Minnesota,Simply,Italian,ORD121,4,14.44,6.87,64.63,2024-02-15 22:12:42.719066
122,Erin Martinez,18,Male,1122,Roger Flores,31,Male,Hunter-Lewis,Owensview,Maryland,During,Vietnamese,ORD122,2,7.06,3.62,17.74,2024-04-08 08:31:17.027746
123,Reginald Williams,38,Male,1123,Katie Cline DDS,47,Female,Carter Inc,Port Lindaland,Michigan,Easy,Vietnamese,ORD123,3,15.76,6.56,53.84,2024-01-05 08:45:18.128165
124,Jason Rojas,36,Male,1124,Samuel Palmer,55,Male,"Anderson, May and Parker",Trevorstad,Montana,Purpose,Italian,ORD124,5,5.91,4.32,33.87,2024-04-15 19:57:40.677181
125,Stephen Duncan,39,Female,1125,Joseph Dunn,29,Male,"Warren, Hughes and Leblanc",South Josephstad,Wisconsin,Make,Thai,ORD125,5,11.23,6.09,62.24,2024-04-15 10:34:50.572260
126,Marie Anderson,60,Male,1126,Julie Juarez,30,Female,"Miller, Singleton and Reyes",Port Danielton,New Hampshire,Manage,Mexican,ORD126,4,6.17,2.81,27.49,2024-01-10 02:06:49.324327
127,John Smith,46,Female,1127,Rhonda Lucas,46,Female,Jones LLC,Port Crystal,Tennessee,Direction,Japanese,ORD127,5,15.04,2.83,78.03,2024-02-04 21:46:09.034465
128,Christopher Diaz,31,Female,1128,Thomas Young,36,Female,Rodriguez Group,Robertside,Oklahoma,Sign,Vietnamese,ORD128,2,10.75,3.5,25.0,2024-04-03 10:53:58.868198
129,David Johnson,36,Male,1129,Lisa Welch,25,Female,Rowe-Frank,North John,New York,Even,Japanese,ORD129,1,18.64,5.89,24.53,2024-03-13 05:14:15.482696
130,Cheyenne Davis,18,Male,1130,Teresa Thompson MD,59,Female,Evans Group,Wolfemouth,California,Begin,Indian,ORD130,5,13.29,2.34,68.79,2024-01-06 13:15:42.792783
131,Christopher Church,37,Male,1131,Beth King,52,Female,Bowman-Price,Cassiemouth,Massachusetts,Financial,Italian,ORD131,5,15.75,4.43,83.18,2024-02-05 23:42:03.825113
132,Mallory Crosby,46,Female,1132,Kristina Collier,20,Female,Rhodes-Booth,South Davidshire,Montana,Identify,Indian,ORD132,4,7.84,5.63,36.99,2024-01-13 13:17:58.674921
133,Joshua Newton,59,Male,1133,Lauren Stout,40,Male,"Miller, Warren and Knight",Barbermouth,Minnesota,Speak,Mexican,ORD133,1,16.52,4.51,21.03,2024-02-16 22:22:23.246873
134,Christopher Williams,48,Male,1134,Jermaine Sanford,20,Male,"Tucker, Hunt and Stephens",Margaretberg,North Dakota,Investment,Italian,ORD134,4,10.07,6.85,47.13,2024-03-19 21:58:58.235962
135,Matthew Ford,31,Female,1135,Daniel Willis,51,Female,"Palmer, Navarro and Smith",South Lisaville,Vermont,Way,Thai,ORD135,4,16.77,5.85,72.93,2024-01-30 00:28:09.323031
136,Laura Woods,45,Female,1136,Rebekah Walker,23,Female,"Rodriguez, Rivera and Sandoval",South Richardchester,Montana,Education,Japanese,ORD136,5,12.27,3.22,64.57,2024-01-20 05:28:02.341092
137,Terry Ramos,38,Female,1137,Carol Kelley,36,Male,"James, Lynch and Wallace",New Jennifer,Colorado,Soon,Vietnamese,ORD137,3,11.07,4.06,37.27,2024-01-13 04:51:40.099146
138,Charles Mayer,46,Female,1138,Cindy Wilson,18,Male,"Payne, Johnson and Padilla",North Jill,Washington,Against,Indian,ORD138,3,7.87,2.42,26.03,2024-02-25 02:09:07.592521
139,John Holt,53,Female,1139,Roy Schmitt,38,Female,Henry-Rangel,West Stacey,Georgia,Road,Thai,ORD139,4,5.67,5.82,28.5,2024-01-04 15:50:30.021500
140,Julie Barrett,36,Male,1140,Dana Drake,40,Female,Spencer Group,Harmonland,Hawaii,City,Indian,ORD140,1,10.77,3.23,14.0,2024-03-20 10:49:21.927072
141,Kelsey Rodriguez,44,Female,1141,Jaime Brown,30,Male,Johnson Ltd,Lake Bryan,Oregon,Who,Vietnamese,ORD141,3,12.82,4.96,43.42,2024-03-21 00:11:32.795636
142,Anna Ramirez,56,Male,1142,Jason Carter,18,Male,Ray Group,Rodriguezbury,Minnesota,Factor,Japanese,ORD142,3,6.32,5.28,24.24,2024-01-12 23:47:12.699791
143,Kimberly Burke,53,Male,1143,Crystal Baker,20,Male,Crawford Ltd,Lake Jennifer,New Jersey,Parent,Japanese,ORD143,4,8.4,3.43,37.03,2024-04-01 18:10:18.124542
144,Scott Cantrell,21,Female,1144,Stephen Mitchell,26,Female,Hunter Ltd,Alexandriafort,Massachusetts,Fine,Italian,ORD144,3,15.65,2.56,49.51,2024-02-05 23:52:24.666973
145,David Coleman,55,Male,1145,Stephen Franklin,60,Female,"Gutierrez, Phelps and Silva",Joelstad,Washington,Anyone,American,ORD145,3,15.08,6.43,51.67,2024-04-03 22:58:10.013135
146,Cory Fitzpatrick,37,Male,1146,Jennifer Stafford,42,Female,Cox Inc,North Jeffrey,Colorado,Power,Japanese,ORD146,2,9.93,5.39,25.25,2024-01-03 13:37:39.731692
147,Frances Hernandez,22,Female,1147,Michelle Carey,43,Female,Clay-Campbell,Carrmouth,Oregon,Wait,Mexican,ORD147,5,11.66,3.74,62.04,2024-03-13 22:12:15.526186
148,April Elliott,59,Female,1148,Leslie Henry,19,Female,Castillo Inc,South Tammyside,Utah,Between,Indian,ORD148,5,5.51,3.93,31.48,2024-01-21 16:06:23.793223
149,Brian Reed,54,Male,1149,Kevin Turner,45,Female,Cox LLC,Leeburgh,Missouri,Role,Japanese,ORD149,1,18.99,6.5,25.49,2024-01-25 15:38:52.270226
150,Gary Green,42,Male,1150,Robert Porter,51,Male,Baker Ltd,Cunninghamtown,Kansas,War,Japanese,ORD150,4,14.09,3.18,59.54,2024-03-26 02:18:59.958322
151,Nicole Wolf,33,Male,1151,Nicholas Warren,18,Male,Daniel Group,Williamshaven,Oklahoma,Same,Mexican,ORD151,4,6.24,6.73,31.69,2024-03-13 12:27:55.926317
152,Jennifer Moore,36,Male,1152,Pamela Willis,39,Female,"Thompson, Santiago and Simon",East Elizabethbury,Oregon,Center,Vietnamese,ORD152,1,5.1,5.46,10.56,2024-02-16 01:33:57.784006
153,John Jones,35,Male,1153,Lisa Martin,44,Female,"Lane, Burns and Wolf",Mayerland,Florida,Letter,Mexican,ORD153,4,18.54,2.58,76.74,2024-02-22 15:23:44.854581
154,Jennifer Watson,26,Female,1154,Rodney Owens,60,Female,Liu PLC,Port Wendy,Nebraska,Point,Vietnamese,ORD154,1,14.25,6.72,20.97,2024-02-20 14:15:27.594865
155,Mary Williams,46,Female,1155,Joseph Warren,34,Male,Watkins-Johnson,Evansbury,Kentucky,Old,Japanese,ORD155,5,5.91,2.48,32.03,2024-01-30 15:50:09.211680
156,Dr. Cassandra Martinez,48,Male,1156,David Perry,18,Male,Gomez Ltd,Elizabethtown,Missouri,Final,Indian,ORD156,3,14.12,2.95,45.31,2024-04-13 00:20:55.069806
157,Brenda Cole MD,18,Female,1157,Monica Smith,57,Female,Wilson PLC,Costaburgh,Indiana,Each,American,ORD157,2,11.24,3.13,25.61,2024-03-03 21:51:56.933932
158,Larry Brooks,37,Female,1158,Shirley White,41,Male,Roberts PLC,Melissamouth,Wyoming,Leader,Italian,ORD158,4,5.57,6.19,28.47,2024-01-08 02:44:02.431418
159,Chad Anderson,25,Female,1159,Jasmine Park DVM,34,Male,Bates-Lee,New Staceyport,Connecticut,Go,Italian,ORD159,4,6.12,6.5,30.98,2024-02-14 03:31:04.401436
160,Charles Smith,30,Female,1160,Marcus Wilson,21,Female,Lucas Group,Timothyville,Wyoming,Clear,Mexican,ORD160,1,17.17,6.02,23.19,2024-02-12 23:44:47.860584
161,Paul Middleton,38,Female,1161,James Thomas,47,Male,"Pena, Peterson and Oliver",Staceymouth,Utah,Entire,Italian,ORD161,1,7.19,3.92,11.11,2024-03-16 18:00:55.862123
162,Chad Mcdaniel,35,Male,1162,Lisa Ross,19,Male,"Bradford, Zavala and Lopez",Johnsonshire,Arizona,Tax,American,ORD162,5,19.9,5.93,105.43,2024-02-01 14:04:29.038481
163,Jessica Jackson,59,Female,1163,Amber Snyder,44,Male,Hodges-Hendricks,Port Michelle,New Jersey,Seem,Thai,ORD163,2,18.52,5.66,42.7,2024-03-13 21:00:52.594015
164,Karen King,28,Male,1164,Drew Williams,45,Male,"James, Williams and Medina",Stephanieborough,Illinois,Level,Japanese,ORD164,3,14.91,5.46,50.19,2024-01-28 03:18:14.563875
165,Peter Lee,30,Female,1165,Anna Mills,28,Female,Moore-Wilson,Port Zachary,Pennsylvania,Central,Thai,ORD165,4,8.39,4.97,38.53,2024-03-08 15:02:23.147681
166,Amy Watson,24,Male,1166,Donna Ramirez,47,Female,Martin Inc,Port Jacquelinemouth,Vermont,Trade,Japanese,ORD166,4,12.82,5.06,56.34,2024-02-28 04:13:36.589322
167,Rebecca Brown,43,Male,1167,Kenneth Stanley,33,Male,Carney PLC,Gregoryside,Washington,Amount,Italian,ORD167,3,17.85,5.72,59.27,2024-04-15 13:28:13.082970
168,William Jones,60,Male,1168,Christine Pitts,25,Male,Briggs-Vasquez,New David,Wisconsin,Time,Japanese,ORD168,1,11.6,4.57,16.17,2024-01-07 08:41:23.680749
169,Bryan West,49,Male,1169,Tracy Greene,34,Female,"Russell, Reid and Holmes",Donnatown,Louisiana,During,American,ORD169,4,16.1,3.34,67.74,2024-02-17 15:24:46.696673
170,Eric Barnes,45,Female,1170,Larry Hernandez,24,Male,"Walker, Anderson and Anderson",Lake Rachelland,Kentucky,North,Vietnamese,ORD170,2,5.84,4.64,16.32,2024-01-05 00:41:12.294512
171,Lisa Mitchell,60,Male,1171,Melissa Jackson,26,Female,Wilson PLC,Brittneyview,Alabama,Option,Mexican,ORD171,1,7.21,6.62,13.83,2024-01-31 04:40:42.188223
172,Joseph Glenn,18,Female,1172,Ryan Wilson,56,Female,"Hess, Martin and Mooney",Mcmillanchester,Alaska,Policy,Mexican,ORD172,5,15.76,4.1,82.9,2024-04-11 02:31:28.653544
173,Carla Hamilton,19,Male,1173,Christopher Wolf,40,Female,"Edwards, Livingston and White",Burkefort,Georgia,Quickly,American,ORD173,2,10.08,5.7,25.86,2024-03-06 09:44:03.649812
174,Lisa Anderson,31,Male,1174,Jason Johns,18,Male,Escobar PLC,Fieldsport,Minnesota,Away,Thai,ORD174,3,17.68,5.72,58.76,2024-04-09 18:08:34.833167
175,Connie Elliott,21,Female,1175,Kristen Burnett,30,Female,Hall-Munoz,Kevinbury,Alabama,Day,American,ORD175,3,14.09,4.67,46.94,2024-01-16 01:35:58.955556
176,Kevin Weber,43,Male,1176,Christian Jimenez,42,Female,"Hill, Taylor and Garza",Anthonymouth,Michigan,Sea,Thai,ORD176,5,11.52,5.12,62.72,2024-02-06 05:35:06.988206
177,Jesse Fitzgerald,29,Male,1177,Gabrielle Moss,29,Male,Chavez Inc,Lake Beth,Oklahoma,Concern,Italian,ORD177,1,13.92,4.57,18.49,2024-02-08 03:45:32.805110
178,Alexander Foster,43,Male,1178,Thomas Webb,22,Female,Nelson-Morris,South James,Louisiana,Ground,Indian,ORD178,4,6.86,2.74,30.18,2024-01-03 22:30:17.498455
179,Michael Compton,25,Male,1179,Mitchell Davidson,47,Female,"Jones, Freeman and Butler",Jamesmouth,Wyoming,Month,Mexican,ORD179,5,12.35,4.98,66.73,2024-01-08 23:47:55.392950
180,Joseph Keith,33,Female,1180,Maureen Browning,56,Male,Keller-Johnson,Port Robertshire,Arkansas,Conference,Italian,ORD180,1,11.31,2.04,13.35,2024-03-17 16:24:15.868423
181,Kayla Nelson,41,Female,1181,Meghan Peters,25,Male,Salinas-Miller,North Donnaborough,Tennessee,Especially,Japanese,ORD181,4,17.16,3.49,72.13,2024-04-09 06:05:19.326996
182,Robert Solomon,53,Female,1182,Ryan Murray,46,Male,Garcia Inc,Paulchester,Illinois,Audience,Indian,ORD182,2,11.19,4.97,27.35,2024-01-24 07:48:22.632507
183,Peter Anderson,24,Female,1183,Jacob Baldwin,31,Female,Rodriguez-Sherman,South Lindaburgh,North Dakota,Black,Indian,ORD183,1,19.05,3.39,22.44,2024-03-07 15:41:29.242291
184,Darren Freeman,46,Male,1184,Spencer Miller,33,Female,"Collins, Wiggins and Thompson",Jefferymouth,Georgia,Natural,Japanese,ORD184,3,16.77,2.76,53.07,2024-03-18 09:35:12.475555
185,Alexa Norman,48,Female,1185,Shannon Knight,54,Female,Parker Inc,Matthewville,Indiana,Doctor,Indian,ORD185,5,9.08,2.83,48.23,2024-02-05 02:37:24.951473
186,Melinda Nelson,28,Female,1186,Bradley Campbell,41,Male,"Patrick, Cooley and Bell",Scottview,Arizona,Sound,Indian,ORD186,5,9.76,4.62,53.42,2024-03-16 15:36:24.407436
187,Joe Duke,21,Female,1187,Samantha Martin,47,Female,"Rogers, Lee and Harris",East Adam,Oklahoma,Look,Italian,ORD187,2,6.59,4.91,18.09,2024-01-01 12:03:08.502271
188,Tiffany Foster,36,Female,1188,Patricia Nguyen,25,Male,Herman and Sons,Watersside,Texas,Point,Mexican,ORD188,4,5.09,4.05,24.41,2024-01-20 23:44:13.761914
189,Michael Williams,42,Male,1189,Ian Bright,35,Male,"Black, Harding and Hood",Geraldbury,Vermont,Help,Mexican,ORD189,2,9.38,2.4,21.16,2024-03-23 16:10:40.268201
190,Michelle Garrett DDS,21,Female,1190,Joseph Parrish,18,Male,"White, Jackson and Obrien",New Jessehaven,Nevada,Land,Mexican,ORD190,5,19.21,4.26,100.31,2024-02-02 13:39:14.500269
191,Kathleen Diaz,40,Female,1191,Anita Bishop,25,Female,"Hampton, Martinez and Yu",Lake Darylview,Nevada,Go,Japanese,ORD191,1,6.4,5.13,11.53,2024-02-15 11:36:25.985404
192,Lori Mercer,51,Male,1192,Janet Butler,55,Female,"Bentley, Thomas and Weaver",Mcclainbury,Kansas,Experience,Mexican,ORD192,1,12.54,3.58,16.12,2024-01-25 12:50:00.370436
193,Kayla Webb,47,Male,1193,Denise Ramos MD,41,Male,Johnston PLC,South Leestad,Minnesota,Network,Thai,ORD193,2,6.81,6.1,19.72,2024-01-28 08:46:27.840400
194,Aaron Jordan,48,Female,1194,Jean Pratt,25,Female,Vargas-Ramirez,West Tracy,Georgia,Able,Japanese,ORD194,2,15.0,3.25,33.25,2024-04-03 17:09:16.726076
195,Mark Walker,18,Male,1195,Glenn Tucker,38,Female,Malone-Grant,Joshuamouth,New Jersey,Though,Vietnamese,ORD195,1,19.31,5.31,24.62,2024-02-29 02:40:38.096489
196,Kelly Brown,33,Male,1196,David Bruce,25,Female,Johnson-Mcguire,South Erinland,New Hampshire,Woman,Mexican,ORD196,4,7.45,4.82,34.62,2024-03-09 17:04:18.139401
197,Carol Kim,31,Male,1197,Kimberly George,19,Female,Marshall LLC,Cynthiaview,Oregon,Third,Indian,ORD197,2,11.09,2.89,25.07,2024-04-15 11:41:32.302629
198,Kimberly Reed,26,Male,1198,Christian Benson,46,Female,"Hays, Silva and Jones",South Joyceport,Wyoming,Stock,Thai,ORD198,1,16.29,5.14,21.43,2024-04-13 19:31:59.313241
199,Andrea Lee,52,Male,1199,Andrea Nelson,19,Male,Fernandez Group,Zacharyview,Pennsylvania,Include,Japanese,ORD199,3,10.88,6.67,39.31,2024-03-30 02:15:34.177907
200,Gerald Greene,30,Female,1200,Daniel Browning,55,Female,Walter-Brennan,Phillipborough,Maine,Gas,Italian,ORD200,5,5.1,3.0,28.5,2024-03-24 03:00:12.308939
201,Kyle Esparza,19,Male,1201,Gary Farley,38,Female,Smith Group,Dunnberg,Illinois,Reveal,Vietnamese,ORD201,5,7.99,2.15,42.1,2024-02-19 09:48:27.165019
202,Emily Tucker,58,Male,1202,Sean Waters,19,Male,Bautista Group,West Williamport,Montana,Pretty,Indian,ORD202,5,13.33,6.08,72.73,2024-03-11 15:19:45.029114
203,Zoe Walton,20,Male,1203,Robin Alvarado,59,Female,"Rodriguez, Davis and Simmons",Matthewport,Utah,Race,Indian,ORD203,5,14.68,2.37,75.77,2024-03-04 13:10:39.925816
204,Steven Mack,50,Male,1204,Christina Nichols,24,Male,Mccullough Group,Butlerland,Delaware,Us,Italian,ORD204,5,6.53,5.17,37.82,2024-01-29 02:22:50.202737
205,Christopher Robertson,34,Male,1205,Jeffrey Castillo,28,Female,Smith-Jones,Lake Jamesside,South Dakota,Different,Mexican,ORD205,5,14.93,4.79,79.44,2024-04-08 06:50:43.781725
206,Nicole Gomez,37,Male,1206,Denise Roberts,39,Male,Padilla Group,Isaachaven,Florida,Benefit,American,ORD206,5,17.15,4.2,89.95,2024-04-09 03:48:01.380569
207,Renee Watkins,33,Female,1207,Daniel Lambert,36,Male,Martin LLC,Angelafurt,Hawaii,Arm,Indian,ORD207,3,13.13,5.26,44.65,2024-02-29 13:33:18.891514
208,Kathleen Shepherd,42,Female,1208,Nancy Schwartz,18,Male,"Bradley, Mcdonald and Lewis",Port John,Kentucky,Member,American,ORD208,4,19.65,4.75,83.35,2024-01-05 03:18:07.553634
209,Zachary Barnes,48,Female,1209,Martin Young,60,Female,Hubbard Group,Christinaberg,Nevada,Carry,Mexican,ORD209,4,14.06,6.12,62.36,2024-02-13 21:44:47.931529
210,Tracey Stevens,54,Female,1210,Jason Reynolds,28,Male,Smith Ltd,Marissaside,Alaska,When,Italian,ORD210,3,6.7,5.94,26.04,2024-04-05 01:12:06.175641
211,Robert Contreras,49,Male,1211,Alison Miller,57,Male,Greer-Nunez,West Danielhaven,Wyoming,Kitchen,Thai,ORD211,2,15.0,6.0,36.0,2024-04-17 13:25:18.589862
212,Holly Matthews,20,Female,1212,Meagan Bird,25,Female,Reynolds-Powers,Port Gary,Virginia,Color,Japanese,ORD212,1,12.42,6.86,19.28,2024-03-21 21:21:53.937026
213,Renee White,41,Female,1213,Samuel Lopez,49,Male,Jackson-Houston,Port Margaret,Wyoming,She,American,ORD213,1,14.97,4.23,19.2,2024-02-07 21:06:28.034135
214,David Rodriguez,46,Male,1214,Marisa Reynolds,48,Female,"King, Dunn and Davila",Port Ericchester,Idaho,Rock,Mexican,ORD214,1,13.21,4.27,17.48,2024-01-02 05:13:54.902338
215,Benjamin Tucker,33,Female,1215,Kimberly Terry,59,Female,Espinoza-Allen,East Johntown,South Dakota,Term,Indian,ORD215,2,18.26,6.23,42.75,2024-02-21 06:59:13.453898
216,Renee Carter,28,Male,1216,Gregory Williamson,40,Female,Pruitt Inc,West Dwayneton,New York,Safe,Japanese,ORD216,1,13.48,6.22,19.7,2024-02-10 02:41:39.117516
217,Sydney Cain,42,Female,1217,Tina Rodriguez,41,Female,Wilson LLC,Angeltown,Pennsylvania,Them,Vietnamese,ORD217,2,8.47,3.01,19.95,2024-03-26 06:12:49.728875
218,Bill Thomas,51,Female,1218,James Herman,30,Female,Flores Inc,New Vanessa,Wisconsin,Board,American,ORD218,4,13.86,2.87,58.31,2024-03-04 03:24:53.626750
219,Michael Christensen,35,Female,1219,Veronica Garcia,49,Female,Poole Group,East Kristenmouth,Idaho,Operation,Mexican,ORD219,1,13.22,3.05,16.27,2024-02-18 07:13:35.094647
220,Joel Moore,43,Female,1220,Stephanie Clark,33,Female,Johnson Ltd,East Taraton,Florida,Along,Vietnamese,ORD220,1,11.62,5.11,16.73,2024-03-04 13:12:28.292978
221,Glenn Casey,44,Male,1221,James Munoz Jr.,57,Male,Jackson PLC,Davenporttown,Virginia,Order,Vietnamese,ORD221,1,16.82,4.69,21.51,2024-02-19 11:31:27.490124
222,Jessica Moyer,57,Male,1222,Anita Bray,31,Male,Kane Inc,Lake Williambury,Alaska,As,Mexican,ORD222,5,12.63,4.65,67.8,2024-03-12 20:20:28.784034
223,Karen Brooks,38,Male,1223,Madeline Hart,26,Female,Small-Schwartz,Amandaville,Illinois,Specific,Mexican,ORD223,3,8.75,5.88,32.13,2024-01-29 03:42:35.101175
224,David Patterson,36,Male,1224,Patricia Nguyen,26,Female,"Benson, Harris and Jacobs",Schmidtshire,Louisiana,Whatever,American,ORD224,5,10.76,3.88,57.68,2024-03-26 13:26:33.634171
225,Jennifer Phillips,56,Female,1225,Courtney Zuniga,28,Female,Dennis PLC,East Marissa,Colorado,Father,Vietnamese,ORD225,3,10.92,6.57,39.33,2024-04-10 19:50:27.028050
226,Dustin Cochran,21,Male,1226,Robin Reilly,40,Female,"Crane, Hernandez and Wise",East Williammouth,Minnesota,Point,Indian,ORD226,5,9.86,3.26,52.56,2024-02-07 00:32:22.848943
227,Andrew Solomon,46,Male,1227,Bradley Hawkins,47,Male,Boone-Santos,Weeksport,Indiana,Position,Italian,ORD227,2,14.8,6.79,36.39,2024-02-22 02:01:24.050767
228,Kelly Wiley,47,Female,1228,Alice Webb,51,Male,Williams-Stone,Bakerbury,Colorado,Model,Indian,ORD228,5,8.7,2.85,46.35,2024-01-07 02:50:52.918848
229,Jasmine Snyder,40,Female,1229,Judith Mills,60,Male,Harding PLC,Boydport,Montana,Interesting,Japanese,ORD229,3,10.4,3.34,34.54,2024-02-10 15:24:51.315754
230,Angel Boyd,42,Male,1230,Barbara Bennett,48,Female,Mitchell-Stark,Lake Scott,Wisconsin,Option,Japanese,ORD230,4,7.07,6.8,35.08,2024-02-19 10:17:12.585008
231,Roberto Murphy,57,Female,1231,Stephen Chan,55,Female,Anderson-Gregory,Wrightberg,Michigan,North,Thai,ORD231,3,7.38,5.64,27.78,2024-04-10 05:24:20.015548
232,Anthony Payne,24,Male,1232,Marc Watson,46,Female,Delgado Ltd,Martinside,Nevada,Several,American,ORD232,4,9.23,4.79,41.71,2024-01-29 17:38:43.247630
233,Teresa Warren,43,Male,1233,Pamela Lee,22,Female,Griffith-Cox,Fordstad,Colorado,Practice,Mexican,ORD233,1,14.75,4.17,18.92,2024-03-01 01:22:09.593525
234,Kristi Sawyer,49,Female,1234,Danielle Owens,48,Female,Ross PLC,New Kevinburgh,Vermont,Thought,Vietnamese,ORD234,5,5.59,3.74,31.69,2024-04-03 02:56:19.032807
235,Steven Owen,20,Female,1235,Deborah Parker,26,Female,Wagner-Aguilar,West Annside,Louisiana,Control,Japanese,ORD235,3,18.79,4.98,61.35,2024-04-10 19:13:27.116616
236,Edward Reynolds,43,Male,1236,Christopher Norman,23,Female,Kelley and Sons,Robertsshire,Wyoming,Early,Mexican,ORD236,5,9.07,6.99,52.34,2024-02-26 04:55:22.736897
237,Joshua Lynch,51,Female,1237,Erika Mora,19,Female,Lozano PLC,Markville,Pennsylvania,Music,American,ORD237,4,13.6,6.55,60.95,2024-01-04 19:46:03.840881
238,Sara Gill,44,Female,1238,Sara Johnson,20,Female,"Garcia, Baker and Simpson",Lake Amber,California,Relate,Japanese,ORD238,5,17.0,3.22,88.22,2024-01-15 14:07:44.123025
239,Christine Johnson,24,Female,1239,Daniel Adams,27,Male,David and Sons,Pattersonland,Vermont,Everything,Mexican,ORD239,1,11.37,6.09,17.46,2024-03-01 11:28:15.931576
240,Christina Castillo,55,Female,1240,David Moore,26,Female,Palmer PLC,Donaldsonhaven,North Carolina,Very,Indian,ORD240,5,11.47,2.61,59.96,2024-01-12 17:47:02.468059
241,David Kaufman,23,Female,1241,Katie Palmer,59,Female,Harris Group,West Wesley,Texas,Travel,Indian,ORD241,4,16.78,4.45,71.57,2024-02-21 03:50:08.468684
242,Laura Mcintosh,50,Male,1242,Jacqueline Crane,51,Male,Rivera Group,West Jesse,New Hampshire,Stuff,Vietnamese,ORD242,3,9.66,5.07,34.05,2024-01-26 14:42:35.722301
243,Miranda Williams,44,Female,1243,Heather Fry,36,Male,Bishop-Terry,South Jacquelinemouth,New Jersey,Suggest,Thai,ORD243,3,17.86,2.24,55.82,2024-02-17 22:31:13.519088
244,Michael Harmon,52,Male,1244,Cynthia Rivera,20,Female,Hubbard-Pope,South Miranda,New Mexico,First,Italian,ORD244,5,16.4,5.46,87.46,2024-02-05 21:04:11.587147
245,Matthew Montgomery,24,Female,1245,Jeffrey Smith,59,Female,Watts PLC,Matthewstad,Hawaii,Peace,Indian,ORD245,5,13.89,6.16,75.61,2024-02-24 16:39:29.558412
246,Walter Black,51,Male,1246,Erica Schaefer,35,Female,Ortiz and Sons,North Henry,Hawaii,Lead,Thai,ORD246,4,9.88,2.22,41.74,2024-02-11 22:37:36.632488
247,Jenna Weaver,52,Female,1247,Tonya Wilson,50,Male,Young-Black,Port Matthew,Maine,Wear,Indian,ORD247,3,14.46,6.88,50.26,2024-02-08 19:40:37.584614
248,Sarah Harris,38,Female,1248,Mr. Devin Cooper,27,Female,"Heath, Rodgers and Schwartz",Robertochester,New York,Form,Thai,ORD248,1,15.63,2.74,18.37,2024-03-30 15:09:44.920445
249,Anthony Adams,59,Male,1249,Ashley Rodgers,25,Female,"Young, Moody and Cook",Jonesport,Minnesota,Similar,Indian,ORD249,1,8.31,6.99,15.3,2024-03-24 17:15:04.990170
250,Robert Barron,23,Male,1250,Daniel Chapman,36,Male,Schultz-Richardson,Mccormickmouth,South Dakota,Example,Indian,ORD250,4,5.97,4.69,28.57,2024-04-10 17:43:32.941213
251,Rebecca Espinoza,56,Male,1251,Karen Malone,32,Male,"Black, Steele and Ponce",West Meganhaven,Alaska,Sign,Indian,ORD251,3,17.21,5.78,57.41,2024-02-29 09:24:54.732449
252,Leslie Morris,26,Female,1252,Mrs. Kelly Mata,32,Male,Terry-Torres,Hernandezfurt,Wisconsin,Study,Vietnamese,ORD252,4,10.45,5.64,47.44,2024-01-29 21:06:36.701805
253,Christopher Haney,35,Female,1253,Jeffrey Ryan,22,Female,Russo-May,Davisfurt,New Mexico,Position,American,ORD253,3,18.8,6.61,63.01,2024-04-09 22:59:44.603450
254,Michelle Washington,52,Male,1254,Todd White,20,Female,Mills-Mclaughlin,South Kaitlyn,Nevada,Produce,Japanese,ORD254,5,10.28,5.21,56.61,2024-03-21 14:58:59.387379
255,Misty Hall,54,Male,1255,Cody Morrison,25,Male,Johnson-Wilson,West Jasmineland,South Carolina,Staff,Mexican,ORD255,4,16.47,5.71,71.59,2024-01-19 04:53:01.591208
256,Daniel Cervantes,30,Female,1256,Jerry Massey,46,Male,"Thomas, Shaw and Thompson",North Lisaburgh,Illinois,News,Italian,ORD256,2,5.86,3.49,15.21,2024-03-27 00:47:35.622205
257,Kayla Delacruz,57,Female,1257,Leah Olson,50,Male,Jones-Kelley,New Raymond,Colorado,Set,Vietnamese,ORD257,2,10.69,6.24,27.62,2024-01-09 20:35:39.845550
258,Jimmy Gordon,46,Male,1258,David Wilson,40,Male,"Edwards, James and Gregory",Patriciaside,Nevada,Success,Indian,ORD258,3,19.85,5.24,64.79,2024-04-16 22:43:39.585438
259,Daniel Mcneil,57,Male,1259,Brenda Koch,20,Male,Moore PLC,South Alanton,Idaho,Expect,Vietnamese,ORD259,5,10.53,6.53,59.18,2024-02-02 16:36:06.863445
260,Jack Hill,28,Female,1260,Donald Merritt,48,Female,Cooper Group,East Brianville,Alaska,College,Japanese,ORD260,1,14.81,3.82,18.63,2024-03-22 12:19:12.695627
261,Glenn Reynolds,23,Female,1261,Cindy Davis,55,Male,Hawkins LLC,North Alexander,Missouri,Seven,Mexican,ORD261,2,15.24,5.33,35.81,2024-03-08 21:23:34.069585
262,Eric Gonzalez,52,Male,1262,Kimberly Duncan,56,Male,"Reyes, Sanders and Brown",Angelabury,Washington,Few,Mexican,ORD262,1,13.53,6.95,20.48,2024-04-09 13:33:14.173694
263,Michelle Robinson,36,Female,1263,Whitney Diaz,36,Male,Rivera-Marquez,West Margaret,Connecticut,Leave,American,ORD263,1,17.87,4.36,22.23,2024-03-07 16:23:00.460999
264,Adrian Kirby,48,Male,1264,Christine Mcneil,55,Female,"Cohen, Williams and Rose",South William,Kentucky,Two,Italian,ORD264,1,19.46,3.68,23.14,2024-01-25 14:47:37.012981
265,Cynthia Gibbs,53,Female,1265,Jonathan Casey,20,Female,Howell Group,Lake Johnville,Idaho,New,Vietnamese,ORD265,1,5.35,2.2,7.55,2024-03-31 08:37:44.034863
266,Jerry Rojas,59,Male,1266,Dalton Cooper,60,Male,Jenkins-Norman,Isaacmouth,Kentucky,Clearly,Vietnamese,ORD266,5,17.6,6.44,94.44,2024-04-12 04:37:18.150889
267,Kyle Russell,39,Male,1267,Clifford Moreno,18,Male,Mills Ltd,Cuevasfurt,Delaware,When,Mexican,ORD267,3,10.6,4.84,36.64,2024-03-26 23:53:28.775531
268,Catherine Smith,47,Female,1268,Evelyn Romero,23,Female,Singh and Sons,Davidmouth,Colorado,Again,Indian,ORD268,1,10.32,3.55,13.87,2024-02-03 14:54:03.563811
269,Megan Griffin,48,Male,1269,Wayne Smith,28,Male,Marshall-Holt,South Jacob,Pennsylvania,Soon,Italian,ORD269,3,11.01,2.97,36.0,2024-02-11 06:17:33.910187
270,Joseph Long,53,Male,1270,Tiffany Copeland,30,Female,Reed-Mccormick,New Craig,Michigan,Million,Vietnamese,ORD270,1,18.7,2.85,21.55,2024-04-07 09:24:58.183352
271,Michelle Thomas,19,Female,1271,Renee Wong,20,Male,Smith-Gamble,East Deborah,Florida,Present,Italian,ORD271,2,18.28,5.08,41.64,2024-04-03 06:14:06.941793
272,Michael Frey,23,Female,1272,Kaitlyn Young MD,47,Male,Webb Group,Leonhaven,New Mexico,Section,Japanese,ORD272,4,13.83,4.57,59.89,2024-03-08 11:57:25.121329
273,Aaron Reynolds,26,Male,1273,Jeffrey Cantrell,35,Male,"Smith, Johnson and Medina",East Paul,Louisiana,Value,Japanese,ORD273,5,11.56,3.44,61.24,2024-03-30 00:45:16.110539
274,Bradley Gould,54,Male,1274,Pamela Dickerson,21,Male,Leach-Ward,Ashleyside,Georgia,Coach,Vietnamese,ORD274,2,7.85,4.4,20.1,2024-04-13 22:31:18.098004
275,Chelsea Todd,39,Female,1275,Valerie Erickson,40,Female,Nielsen-Woodward,Martinezchester,Vermont,Study,Thai,ORD275,2,11.2,3.02,25.42,2024-04-09 22:53:43.996565
276,Lisa Preston,43,Female,1276,Tammy Ashley,50,Male,Thomas-Higgins,Lake Marcuston,Michigan,Present,Japanese,ORD276,4,17.11,6.62,75.06,2024-03-03 11:32:11.546806
277,Trevor Hamilton,45,Female,1277,Dillon Hicks,51,Female,Griffith Ltd,Williamsonport,Maine,Training,Thai,ORD277,1,12.0,2.65,14.65,2024-01-13 00:03:58.246156
278,Alexandra Jones,31,Male,1278,Gina Randall,46,Female,Anderson PLC,South Larryhaven,Nebraska,Try,Japanese,ORD278,5,17.58,3.55,91.45,2024-04-18 10:27:35.531883
279,Michael Santana,41,Male,1279,Kristy Brooks,57,Male,Perez-Charles,Hernandezberg,Florida,Dream,Italian,ORD279,2,19.19,3.06,41.44,2024-01-13 01:27:16.676939
280,Heather Stein,52,Male,1280,Martha Castro,40,Female,Chang-Martin,East Derek,Rhode Island,Because,Thai,ORD280,4,9.37,5.88,43.36,2024-02-13 20:05:54.273404
281,Madison Walker,39,Female,1281,Lisa Bruce,49,Female,Henderson-Bowen,Port Brianborough,Indiana,Continue,Indian,ORD281,4,8.74,2.89,37.85,2024-02-18 16:41:22.325953
282,Beverly Howell,44,Male,1282,Brad Brooks,32,Male,"Singleton, Mack and Cole",Leachmouth,Washington,Wish,Thai,ORD282,3,9.36,2.28,30.36,2024-01-09 02:59:18.223042
283,Melanie Torres,27,Male,1283,James Chen,55,Female,Mcmahon-Marshall,Williamland,South Carolina,Up,Italian,ORD283,3,9.99,2.0,31.97,2024-02-23 04:55:45.300030
284,Andrew Wagner,19,Female,1284,Christopher Manning,40,Female,Gonzalez Group,Harrisburgh,New Jersey,Remember,Mexican,ORD284,4,7.1,6.48,34.88,2024-04-04 03:17:37.699612
285,Stephen Patel,41,Male,1285,Alec Rodriguez,25,Female,Steele-Fisher,Ryanshire,New Jersey,Forget,Italian,ORD285,1,12.34,6.99,19.33,2024-02-07 18:13:02.879627
286,Amber Dyer,38,Male,1286,April Frazier,20,Female,"Mann, Henry and Berg",Lake Pamelaton,Nevada,Almost,American,ORD286,1,11.65,4.68,16.33,2024-03-24 07:41:39.254587
287,Michael Shannon,30,Female,1287,Michael Howard,55,Female,"Neal, Jackson and Mayer",North Nicole,South Dakota,Set,American,ORD287,4,7.94,4.76,36.52,2024-02-26 17:27:21.000770
288,Brian Russell,22,Male,1288,Mr. Michael Walker,59,Female,"Williams, Mills and Mccoy",East Lisaburgh,New Hampshire,Capital,Thai,ORD288,5,9.51,3.64,51.19,2024-03-14 14:06:10.317701
289,Russell Reyes,20,Female,1289,Christopher Washington,41,Female,Stephens PLC,Vincentchester,West Virginia,Activity,Japanese,ORD289,1,7.17,6.1,13.27,2024-02-20 23:48:17.553573
290,Heidi Hahn,29,Female,1290,Kayla Carpenter,21,Female,Torres PLC,Lake Jacobchester,Rhode Island,Interesting,Mexican,ORD290,3,9.15,4.72,32.17,2024-02-18 17:30:01.074261
291,Theresa Robertson,47,Male,1291,Jack Baker,26,Male,King-Moore,Browningland,Indiana,Treatment,Japanese,ORD291,4,8.71,3.78,38.62,2024-02-10 02:35:28.811528
292,David Rose,23,Male,1292,Erika Lawson,34,Female,Richardson PLC,Smithfurt,Indiana,Money,Vietnamese,ORD292,5,14.13,6.74,77.39,2024-03-26 11:28:12.895110
293,Steven Salazar DVM,35,Male,1293,Jessica White,49,Female,Richards-Martinez,Williamston,Nevada,Manage,Thai,ORD293,2,10.68,3.82,25.18,2024-01-28 22:07:25.937973
294,David Patel,45,Male,1294,William Perry,32,Male,"Benton, Taylor and Banks",Charleschester,Kansas,Face,Japanese,ORD294,1,9.14,6.28,15.42,2024-03-18 11:54:56.317234
295,Wesley Keller,18,Female,1295,Alexander Chavez,42,Female,"Pennington, Jefferson and Collins",East Shawnton,Wyoming,Ever,Vietnamese,ORD295,5,9.21,3.46,49.51,2024-03-08 13:56:48.109373
296,Brandy Brown,47,Female,1296,Richard Peters,58,Male,Jones Inc,Adamhaven,New Jersey,Phone,American,ORD296,2,6.63,3.55,16.81,2024-04-08 16:50:44.443286
297,Brooke Todd,57,Female,1297,Rachel Lowery,29,Male,Johnson-Smith,North Crystalshire,Wyoming,List,Vietnamese,ORD297,2,17.18,5.59,39.95,2024-02-18 06:43:52.474492
298,Jordan Gregory,29,Female,1298,Vicki Booth,42,Male,Guerrero Ltd,East Tammy,Ohio,Billion,Vietnamese,ORD298,2,18.55,6.54,43.64,2024-03-28 15:04:01.008268
299,Kenneth Wade,28,Male,1299,Courtney Johnson,26,Female,Alvarez Inc,Port Amber,Mississippi,Name,Thai,ORD299,3,18.27,4.56,59.37,2024-02-16 21:40:45.606237
300,David Parrish,53,Male,1300,Autumn Hernandez,50,Female,"Aguilar, Smith and Rodriguez",Port Kaylaport,Pennsylvania,Religious,Mexican,ORD300,4,13.62,3.25,57.73,2024-02-15 08:11:14.518561
301,Miss Kelly Salas,36,Female,1301,Jonathan Holt,34,Female,Craig-Hughes,East James,New York,Whose,Vietnamese,ORD301,4,11.91,4.8,52.44,2024-01-09 20:14:05.030009
302,Katelyn Hernandez,25,Male,1302,Elizabeth Watson,44,Female,"Mejia, Sutton and Eaton",Laneborough,New Mexico,Standard,Thai,ORD302,5,18.55,5.37,98.12,2024-03-09 02:05:02.294121
303,Dr. Albert Coleman,53,Female,1303,Daniel Chen,43,Male,"Jordan, Nelson and Martin",Michaelburgh,Minnesota,Bag,American,ORD303,4,7.81,5.88,37.12,2024-01-02 20:46:22.298310
304,Jacob White,46,Male,1304,Ryan Morgan,52,Male,"Brady, Harris and Horn",Lake Catherinestad,South Dakota,Put,Thai,ORD304,4,13.16,5.34,57.98,2024-02-13 20:12:28.723565
305,Kathryn Callahan,54,Female,1305,Reginald Stewart,18,Female,Andrade-Jones,East Lisa,Washington,Student,Japanese,ORD305,4,19.15,6.09,82.69,2024-03-04 08:49:10.104812
306,Stephen Chavez,22,Female,1306,Lindsey Williams,55,Female,Kirk-Schmidt,Leeview,Vermont,Race,Indian,ORD306,2,11.5,3.79,26.79,2024-03-19 18:48:43.598825
307,Julian Williams,33,Male,1307,Steven Medina,23,Female,"Boyd, Romero and Patel",Port Larryfurt,Arkansas,Idea,Japanese,ORD307,1,13.49,6.63,20.12,2024-01-05 11:54:28.251286
308,Paula Burns,58,Female,1308,Michelle Sparks,21,Female,Mcclure-Hall,Charlesside,South Dakota,Policy,Vietnamese,ORD308,5,17.03,6.78,91.93,2024-01-09 02:05:17.214101
309,Christopher Johnson,30,Female,1309,Edward Campbell,18,Male,Horton-Lopez,West Christopherborough,New Jersey,Behavior,Vietnamese,ORD309,5,16.15,2.64,83.39,2024-02-15 00:50:31.264788
310,Robert Mccoy,58,Female,1310,Brian Porter,26,Female,Williams and Sons,Lauraburgh,Kansas,Treat,American,ORD310,1,7.3,4.29,11.59,2024-03-01 07:04:11.680185
311,Derek Irwin,45,Male,1311,Tami Dixon,28,Female,Case-Robinson,East Matthew,West Virginia,Nearly,Indian,ORD311,1,16.51,4.05,20.56,2024-03-26 23:06:17.908625
312,Peter Randall,49,Male,1312,Samantha Petty,47,Female,"Dominguez, Morales and Copeland",Port Garyburgh,Maryland,Often,Vietnamese,ORD312,2,19.54,2.82,41.9,2024-02-04 06:33:44.030736
313,Sarah Griffin,45,Male,1313,Edward Abbott,23,Female,Miller Ltd,Elizabethland,North Carolina,Try,Japanese,ORD313,2,14.09,6.02,34.2,2024-02-06 01:54:45.538730
314,David Turner,51,Male,1314,Blake Beck,21,Female,Roach PLC,North Meganburgh,Mississippi,Road,Indian,ORD314,4,11.63,3.99,50.51,2024-02-15 11:06:28.478130
315,Valerie Schroeder,29,Male,1315,Jaime Mccarthy,58,Male,Brown-Gonzalez,Weaverhaven,Indiana,Hundred,American,ORD315,3,18.36,3.57,58.65,2024-02-21 12:10:01.175125
316,Pamela Green,59,Male,1316,Dawn Townsend,24,Female,Ingram-Richardson,East Tyler,Hawaii,Spring,American,ORD316,5,9.99,5.34,55.29,2024-02-09 12:13:20.917459
317,Michelle Brown,28,Female,1317,Kendra Robinson,56,Female,Reed LLC,New Robert,North Carolina,Consider,Indian,ORD317,3,18.38,5.07,60.21,2024-04-04 09:51:52.799514
318,Jacqueline Jones,59,Female,1318,Brandi Mendoza,46,Female,Day PLC,Beckyview,New York,Material,American,ORD318,5,11.57,5.92,63.77,2024-02-27 23:05:03.453351
319,Kevin Arnold,31,Male,1319,Anthony Miller,25,Male,Davis PLC,Robinfort,Ohio,Agree,American,ORD319,1,7.7,6.98,14.68,2024-04-07 12:03:52.863303
320,Brian Espinoza,36,Female,1320,Monica Long,42,Male,"Smith, Williams and Tucker",South Laurenmouth,Delaware,Role,Italian,ORD320,4,15.76,3.05,66.09,2024-03-29 19:07:52.262201
321,Ashley Adams,35,Male,1321,Elizabeth Beltran,43,Female,"Sullivan, Meza and Estes",Abigailshire,Mississippi,Take,Japanese,ORD321,4,13.48,6.74,60.66,2024-01-02 12:27:47.950566
322,Nathan Moran,35,Male,1322,Scott Lee,54,Female,Thomas Group,Turnerfurt,West Virginia,Receive,Thai,ORD322,1,6.29,4.96,11.25,2024-03-17 13:06:41.457668
323,Eddie Patton,39,Male,1323,Nichole Pena,33,Female,"Mitchell, Gonzalez and Paul",Port Benjamin,Idaho,Call,Thai,ORD323,2,8.33,4.47,21.13,2024-02-10 23:08:47.810857
324,Jacob Pineda,30,Male,1324,Scott Glover,34,Female,Bean-Long,Port Eric,Alabama,Certainly,American,ORD324,2,8.51,2.1,19.12,2024-03-28 05:05:18.200756
325,Nancy Rodriguez,33,Female,1325,David Hall,60,Male,"Schultz, Adkins and Hatfield",New Brandonhaven,Texas,They,Mexican,ORD325,5,19.37,5.45,102.3,2024-02-09 20:12:30.298838
326,Michelle Smith,55,Male,1326,Mark Garcia,41,Male,Weber Group,New Troyport,Connecticut,Notice,American,ORD326,3,7.43,5.17,27.46,2024-01-18 16:02:05.091677
327,Victoria Galvan,51,Male,1327,Teresa Sanchez,39,Female,Lewis-Vargas,Edwardmouth,Kentucky,Simply,Indian,ORD327,4,18.69,2.21,76.97,2024-03-11 09:10:54.768039
328,Pamela Fisher,24,Male,1328,Jeffrey Richardson,27,Male,"Johnson, Simpson and Mcgee",New Davidport,West Virginia,Often,Mexican,ORD328,3,18.47,3.26,58.67,2024-01-02 06:41:23.499015
329,John Rodriguez,49,Female,1329,Michael Garcia,48,Female,"Powers, Miller and Hanson",Kristinaton,Pennsylvania,Option,Thai,ORD329,1,8.21,4.87,13.08,2024-01-04 13:12:24.890750
330,Jenna Norris,49,Male,1330,Kathleen Keller,40,Female,"Phillips, Cole and Stevens",Martinfort,Colorado,Gas,Thai,ORD330,3,16.52,4.64,54.2,2024-03-30 06:54:42.661444
331,Robert Rivera,25,Female,1331,Rhonda Williams,22,Male,Ford-Mason,Jonesview,Kansas,Amount,Japanese,ORD331,4,6.62,4.5,30.98,2024-02-13 09:04:11.811994
332,Elizabeth Mcmillan,23,Male,1332,Natalie Spencer,27,Male,"Lucas, Hale and Phillips",Stewartton,Oklahoma,Popular,American,ORD332,1,19.86,4.49,24.35,2024-04-16 05:23:30.260234
333,Andrew Edwards,38,Female,1333,Brooke Mills,58,Female,Burns PLC,East Anthonybury,Connecticut,Only,Japanese,ORD333,3,10.26,2.51,33.29,2024-03-16 01:25:23.669016
334,Evelyn Peters,36,Male,1334,Raymond Ward,32,Male,Mahoney-Johnson,Amyshire,Alabama,Result,Italian,ORD334,3,14.03,4.07,46.16,2024-03-24 11:01:35.680605
335,Joshua Jones,18,Female,1335,Tamara White,60,Male,Ray-Lee,New Charles,Florida,Force,Indian,ORD335,5,6.53,3.91,36.56,2024-03-03 09:05:22.930677
336,David Harrington,38,Male,1336,Shane Ramos,54,Female,"Ingram, Matthews and Melton",South Louis,Iowa,Someone,Mexican,ORD336,3,11.25,3.98,37.73,2024-02-12 05:08:26.317095
337,Gregory Welch,50,Male,1337,William Berger,26,Female,Griffin-Torres,Davismouth,Oklahoma,Answer,American,ORD337,4,10.47,4.6,46.48,2024-01-21 06:56:21.732494
338,Daniel Curtis,52,Male,1338,Amanda Wilson,47,Female,Ortiz-Lee,North David,Indiana,Focus,Japanese,ORD338,3,6.09,6.2,24.47,2024-03-17 20:52:27.209879
339,Grace Payne,31,Male,1339,Patricia Liu,44,Male,"Avery, Moreno and Walker",Fordfort,South Carolina,Ground,Indian,ORD339,5,7.78,4.92,43.82,2024-01-30 14:45:10.167089
340,Shaun Coleman,55,Male,1340,Dr. Marissa Cunningham MD,45,Female,Butler LLC,Lake Jacqueline,North Dakota,Thousand,Thai,ORD340,5,19.35,4.75,101.5,2024-02-21 03:23:05.777628
341,Gerald Hendricks,55,Male,1341,William Lambert MD,43,Female,Moss Group,North Renee,Rhode Island,I,Indian,ORD341,5,7.86,6.03,45.33,2024-02-27 22:38:48.047904
342,Mary Zhang,24,Female,1342,Peter Tran,39,Female,"Benson, Smith and Nguyen",Jenniferstad,Oregon,Say,Indian,ORD342,2,10.24,2.06,22.54,2024-03-13 10:11:22.728315
343,Chloe Jenkins,18,Female,1343,Nicole Martinez,46,Male,"Morales, Goodwin and Griffith",Dannychester,Texas,Life,Indian,ORD343,5,7.14,6.83,42.53,2024-01-09 20:25:13.162103
344,John Edwards,56,Female,1344,Paula Nelson,54,Female,"Williams, Smith and Rodriguez",West Peter,Wisconsin,Ten,Indian,ORD344,1,19.52,6.14,25.66,2024-01-27 02:22:00.249706
345,Robert Hansen,25,Male,1345,Renee Rojas,28,Female,Long-Johnson,New Daniel,Massachusetts,Democratic,Mexican,ORD345,1,15.69,2.12,17.81,2024-03-10 07:04:57.072735
346,Ashley Neal,25,Male,1346,Katelyn Moore,19,Female,Barnes-Meza,South Timothy,Indiana,Glass,Italian,ORD346,5,18.9,5.63,100.13,2024-01-27 01:28:29.062085
347,Amanda Sutton,47,Male,1347,Jason Wright,21,Male,Donaldson-Schneider,Port David,Colorado,Technology,American,ORD347,3,8.26,6.99,31.77,2024-01-04 12:43:09.436083
348,Jessica Dean,50,Female,1348,Lauren Alexander,51,Female,Woods and Sons,East Joseph,North Carolina,Bit,Thai,ORD348,2,19.34,5.57,44.25,2024-01-23 11:14:46.954361
349,Elizabeth Trevino,40,Male,1349,Marisa Anderson,19,Female,Hill-Hebert,North Lisaport,Wisconsin,Interesting,Mexican,ORD349,5,11.62,5.24,63.34,2024-03-05 05:06:28.163959
350,Timothy Cruz,52,Male,1350,Kim Alexander,56,Male,Swanson Group,Port Mauricebury,Minnesota,Office,Mexican,ORD350,2,11.66,6.63,29.95,2024-02-27 17:22:03.672339
351,Jason Bailey,55,Female,1351,Rebecca Mendoza,39,Female,Bush LLC,Hallport,Massachusetts,Court,Vietnamese,ORD351,3,18.83,3.44,59.93,2024-04-16 00:32:38.599025
352,Teresa Allen,40,Male,1352,Renee Dougherty,22,Female,"Reid, Brewer and Johnson",Port Cynthiaside,Nevada,Certain,Italian,ORD352,5,14.12,6.14,76.74,2024-04-12 18:34:24.622966
353,Jamie Lawson,32,Male,1353,Kevin Walker,21,Male,George Group,Jessicashire,Illinois,Perhaps,Japanese,ORD353,4,18.0,4.06,76.06,2024-04-09 02:06:24.529706
354,Dr. Jennifer Bass,37,Female,1354,Christian Adams,32,Male,Fuller-Pratt,Patriciafurt,New York,Later,Japanese,ORD354,5,12.41,6.19,68.24,2024-03-07 08:09:19.491972
355,Anthony Morgan,55,Female,1355,Clayton Turner,41,Male,Jones Inc,West Travis,Delaware,Call,Japanese,ORD355,2,11.78,6.48,30.04,2024-02-04 17:49:48.233239
356,James Marks,57,Male,1356,Derek Banks,22,Female,Robinson-Nelson,Johnnymouth,Minnesota,Listen,American,ORD356,2,5.56,2.4,13.52,2024-01-26 12:45:20.924543
357,Michelle Williams MD,47,Male,1357,Cheyenne Cobb,32,Male,Ayers-Mitchell,Port Ashleyfort,Utah,Seem,Mexican,ORD357,1,14.66,5.15,19.81,2024-04-14 23:55:44.563447
358,Alicia Marquez,41,Female,1358,Cindy Goodman,46,Female,Gross Ltd,Petersonhaven,Oregon,Second,American,ORD358,5,6.18,6.7,37.6,2024-01-08 01:24:32.615359
359,Angela Vang,45,Female,1359,Derrick Roach,50,Female,Clark-Smith,Laurabury,Massachusetts,Majority,Japanese,ORD359,4,12.33,4.05,53.37,2024-03-04 11:00:32.045156
360,Willie Clark,43,Male,1360,Andrea Price,43,Female,White Inc,Woodsville,Colorado,Various,Vietnamese,ORD360,3,6.56,4.0,23.68,2024-03-27 09:49:38.206188
361,David Dixon,47,Female,1361,Brandon Clark,57,Male,"Ryan, Ryan and Collier",Anthonyview,Mississippi,Camera,American,ORD361,3,6.54,6.68,26.3,2024-02-11 15:29:47.146476
362,Ryan Nash,44,Female,1362,Christine Gill,29,Female,"Perez, Myers and Salinas",Frankstad,Tennessee,Rock,Italian,ORD362,5,13.46,6.72,74.02,2024-01-11 17:11:05.665738
363,Robin Young,23,Male,1363,Sydney Hernandez,18,Male,"Porter, Bentley and Robbins",West Brianton,New Hampshire,Anyone,Japanese,ORD363,5,18.86,2.2,96.5,2024-03-23 03:18:28.679458
364,Sylvia Cox,34,Female,1364,Sandra Espinoza,54,Female,"Wright, Murillo and Blankenship",New Christopher,Hawaii,Fact,Japanese,ORD364,3,13.95,5.23,47.08,2024-03-10 02:17:17.538002
365,Russell Sellers,29,Male,1365,Nathan Newton,50,Male,"Carter, Sloan and Dominguez",Port Shaneside,Arkansas,We,Thai,ORD365,3,15.32,2.5,48.46,2024-02-18 00:57:45.371810
366,Robert Gates,51,Female,1366,Heather Mcdaniel,25,Male,Hernandez and Sons,Jenniferstad,Wisconsin,Music,Italian,ORD366,1,11.42,6.08,17.5,2024-02-27 02:07:13.893135
367,Melissa Jones,41,Male,1367,Paul Brown,45,Female,Ramirez-Lewis,Wagnerport,Connecticut,Star,Thai,ORD367,2,15.36,2.7,33.42,2024-04-19 00:11:52.512632
368,Stephen Smith,45,Male,1368,Kristine Warren,43,Female,"Davis, Cole and Wilson",New Katherineport,Mississippi,Everything,American,ORD368,3,11.76,5.64,40.92,2024-02-15 11:10:25.199715
369,Jennifer Caldwell,42,Male,1369,Erika Cummings,34,Male,Ortiz-Koch,Lake Kimberlyton,Arizona,Food,Thai,ORD369,2,19.42,3.04,41.88,2024-03-07 02:48:31.882967
370,Lauren Reed,57,Male,1370,Carrie Hamilton,40,Female,Roberts-Baker,Hessville,West Virginia,Good,Thai,ORD370,2,13.7,6.44,33.84,2024-04-04 15:41:53.256131
371,John Carpenter PhD,33,Male,1371,Carlos Johnson,52,Male,Clark LLC,Port Jasonfort,Utah,Thus,Japanese,ORD371,5,18.95,5.62,100.37,2024-03-09 20:02:31.741315
372,Lisa Russo,23,Male,1372,Ronald Hunter,56,Female,"Watson, Baker and Mccall",Toddton,Idaho,Others,Italian,ORD372,2,9.01,4.15,22.17,2024-02-11 12:25:43.451548
373,Anthony Rodriguez,43,Male,1373,Tabitha Jones,53,Female,Dean-Wilson,Davidmouth,Kentucky,Book,Vietnamese,ORD373,4,19.11,2.42,78.86,2024-04-15 02:50:07.207081
374,Lynn King,51,Female,1374,Shannon Whitney,28,Female,"Butler, Lewis and Wagner",Kennedyville,Ohio,Once,Italian,ORD374,2,10.99,6.81,28.79,2024-01-11 06:19:13.652330
375,David Alvarado,32,Female,1375,Antonio Snyder,38,Male,"Stuart, Bowman and Mason",Cobbbury,Washington,The,Japanese,ORD375,5,12.06,2.67,62.97,2024-03-05 10:00:46.763994
376,Jennifer Ray,40,Female,1376,Michael Long,47,Female,Dawson-Rios,Millston,Virginia,Magazine,American,ORD376,2,6.45,5.93,18.83,2024-01-07 04:14:53.024308
377,Aaron Huff,20,Male,1377,Madison Kim,30,Male,Rogers Inc,Lake Wandachester,Virginia,Why,Mexican,ORD377,1,17.58,5.66,23.24,2024-02-19 05:23:42.259047
378,William Barber,41,Female,1378,Debra Wong,24,Male,Owens LLC,Michaelshire,West Virginia,Tax,Italian,ORD378,4,16.3,5.89,71.09,2024-02-26 13:35:55.615445
379,Dustin Gonzalez,55,Male,1379,Kayla Rodriguez,29,Male,Carter Group,Sandraville,Nebraska,Page,Japanese,ORD379,3,5.35,5.36,21.41,2024-03-16 18:17:54.608917
380,Sarah Jimenez,24,Female,1380,Brent Hudson,35,Male,"Scott, Morgan and Reeves",Marymouth,Oregon,Production,Japanese,ORD380,5,8.36,4.87,46.67,2024-02-05 23:41:20.113738
381,Amber Olsen,44,Female,1381,Bianca Gardner,47,Male,Collins-Hudson,Port Danielton,Nebraska,Partner,Thai,ORD381,3,11.97,4.61,40.52,2024-03-26 15:17:28.359046
382,James White,33,Male,1382,Miss Jessica Ward,31,Female,"Bean, Morgan and Webb",Bradyhaven,Oregon,Onto,Thai,ORD382,1,13.42,3.9,17.32,2024-02-12 23:04:15.166089
383,Christopher Cooper,28,Female,1383,Chris Barajas,56,Female,Hughes-Bates,Carpenterhaven,Wyoming,A,Vietnamese,ORD383,5,8.46,5.38,47.68,2024-02-05 05:20:37.576948
384,Richard Brown,43,Female,1384,Kathryn Hall,32,Female,"Shields, Anderson and Gonzalez",Nicoleville,Illinois,Dog,Thai,ORD384,1,7.02,2.3,9.32,2024-04-17 00:18:24.300112
385,Wayne Mccormick,24,Male,1385,Sandra Strickland,60,Female,Gibbs-Lindsey,Snyderstad,Ohio,Various,Mexican,ORD385,3,9.21,5.9,33.53,2024-01-03 16:31:36.643576
386,Timothy Foster,38,Male,1386,Ana Holland,42,Female,Johnson PLC,New Kelliview,Minnesota,Station,American,ORD386,1,5.99,5.46,11.45,2024-03-20 08:51:58.800618
387,Amy Gross,18,Male,1387,Susan Smith,57,Male,"Johnson, Maldonado and Hamilton",Leebury,Maine,Since,Indian,ORD387,1,5.27,2.68,7.95,2024-02-14 18:45:58.066249
388,Margaret Adams,41,Male,1388,Christina Ryan PhD,48,Female,"Williams, Warren and Perry",Port Sherri,Alaska,She,American,ORD388,2,19.15,3.56,41.86,2024-03-15 02:52:40.987525
389,Jose Vazquez,33,Male,1389,Thomas Wood,50,Female,Mullins-Garcia,Vasquezview,Ohio,Break,Indian,ORD389,4,7.39,5.02,34.58,2024-04-10 11:47:50.097390
390,Tammie Brown,40,Female,1390,Christina Bird,30,Female,"Williamson, Hudson and Fisher",Lauraborough,Virginia,Yeah,Thai,ORD390,1,13.38,5.99,19.37,2024-01-11 08:17:37.018369
391,Ryan Elliott,54,Female,1391,Sarah Nicholson,21,Female,Jordan-Palmer,Lake Crystal,California,Stuff,Thai,ORD391,5,5.05,4.52,29.77,2024-02-05 03:26:56.887239
392,Lisa Curtis,45,Male,1392,Tina Hunter,53,Male,"Gutierrez, Miller and Jones",North Annemouth,Kentucky,Part,American,ORD392,1,8.77,2.92,11.69,2024-01-25 02:37:23.088666
393,Calvin West,25,Female,1393,Yolanda Meadows,18,Male,"Delgado, Prince and Lee",New Kimberlystad,Kansas,Report,Indian,ORD393,4,15.82,4.26,67.54,2024-01-26 15:32:57.833561
394,Leah Johnson,38,Male,1394,Kaylee Thompson,28,Male,Hammond-Massey,South Johnville,Maryland,To,Italian,ORD394,2,8.89,3.87,21.65,2024-02-28 13:50:20.744580
395,Mr. Andre Webb MD,53,Female,1395,James Thompson,45,Male,Cervantes-Solomon,Samuelborough,Alaska,Watch,Vietnamese,ORD395,3,16.57,3.87,53.58,2024-01-06 06:22:10.574002
396,Jennifer Johnson,35,Male,1396,Richard Leach,36,Female,Hall PLC,South Loretta,Arizona,Against,Japanese,ORD396,2,10.96,2.15,24.07,2024-01-30 22:31:13.469755
397,Norman Brown,45,Female,1397,Sarah Durham,52,Female,Harmon Group,Heathermouth,Maine,Away,American,ORD397,4,19.56,5.81,84.05,2024-03-30 03:40:17.078320
398,Michael Anderson,35,Female,1398,Ryan Moss,49,Male,Thomas and Sons,Acostabury,Alaska,Green,Vietnamese,ORD398,3,12.88,3.88,42.52,2024-03-12 00:43:34.617272
399,Heather Mccoy,33,Female,1399,Daniel Diaz,38,Male,Peterson-Johnston,Santanaburgh,North Carolina,Although,Japanese,ORD399,5,10.68,5.81,59.21,2024-03-31 16:55:06.332583
400,Debra Reid,20,Female,1400,Robert Roth,55,Female,"Walter, Carroll and Gonzales",Aaronburgh,Texas,Begin,Japanese,ORD400,1,11.55,3.42,14.97,2024-02-03 07:38:57.416407
401,Joshua Maldonado,33,Female,1401,Jacob Murphy,27,Female,"Hall, Garcia and Newton",West Heather,Texas,Story,Mexican,ORD401,2,10.5,4.67,25.67,2024-02-05 16:27:01.627308
402,Tamara Anderson,36,Female,1402,Matthew Molina,25,Female,"Graham, Greer and Fletcher",Alfredberg,Colorado,Record,Thai,ORD402,3,9.22,6.05,33.71,2024-01-22 23:46:06.967804
403,Jessica Townsend,60,Female,1403,Clinton Ross,39,Female,Melendez PLC,Kimberlybury,Louisiana,End,Vietnamese,ORD403,3,7.63,4.28,27.17,2024-02-25 21:24:07.217163
404,Scott Vincent,49,Female,1404,Richard Alvarado,45,Male,Harmon PLC,Youngmouth,Alaska,Detail,Mexican,ORD404,5,9.93,2.04,51.69,2024-04-08 13:06:23.484071
405,Aaron Hamilton,41,Male,1405,Benjamin Santos,25,Male,Mcintosh Group,Lake Jenniferton,Oklahoma,Speech,Mexican,ORD405,4,11.86,2.47,49.91,2024-04-01 21:08:53.337861
406,Ashley Johnson MD,40,Female,1406,Gregory Fowler,31,Male,Norton-Cruz,Danielleberg,Vermont,North,American,ORD406,5,9.9,6.56,56.06,2024-03-16 08:48:24.571191
407,Danielle Russell,28,Male,1407,Christina Valenzuela,33,Female,Rodriguez Group,New Aaronchester,Rhode Island,Lay,Italian,ORD407,3,7.32,3.28,25.24,2024-04-11 16:38:13.001223
408,Sandra Nelson,56,Female,1408,Breanna Garcia,52,Male,Tyler-Munoz,East Sarahburgh,Nevada,Letter,Thai,ORD408,2,12.15,4.37,28.67,2024-02-15 03:40:12.690018
409,Raymond Glover,50,Male,1409,Timothy Rodriguez,51,Male,Dodson PLC,Port Kennethborough,Indiana,Understand,Vietnamese,ORD409,2,5.5,3.02,14.02,2024-02-08 03:38:12.191097
410,Larry Bell,54,Female,1410,Tiffany Gray,38,Female,"Henry, Potter and Callahan",Greenfurt,Missouri,Road,Thai,ORD410,4,8.02,3.43,35.51,2024-03-29 22:49:58.874131
411,James Lindsey,31,Female,1411,Johnny Fernandez,51,Female,Brown and Sons,South Kennethville,Maine,Front,Italian,ORD411,5,8.45,5.89,48.14,2024-04-08 02:12:45.453046
412,Jesse Griffin,29,Female,1412,Lisa Moore,39,Female,"Morales, Richardson and Jones",Port James,Delaware,Hold,Japanese,ORD412,4,12.13,2.84,51.36,2024-01-02 23:34:06.498454
413,Richard Lloyd,42,Male,1413,Jennifer Cox,33,Female,Stanley LLC,New Deannaville,South Dakota,Single,Thai,ORD413,1,16.8,3.41,20.21,2024-03-02 05:37:41.730032
414,Rhonda Camacho,37,Female,1414,Damon Malone,52,Male,Miller-Graham,Logantown,Nevada,Rate,Thai,ORD414,1,15.99,2.58,18.57,2024-02-07 09:43:26.071331
415,Heather Lam,46,Female,1415,Anthony Richmond,56,Female,"Butler, Harrison and Thompson",Port Debra,New Mexico,Teach,Mexican,ORD415,3,15.18,2.75,48.29,2024-03-12 14:05:46.848610
416,Christopher Harris,20,Male,1416,Donna Zimmerman,30,Female,Lin-Thompson,West Daniel,New York,Language,Thai,ORD416,4,11.52,2.25,48.33,2024-02-19 01:04:15.314690
417,Julie Walker,54,Female,1417,Tracy Perez,37,Male,Page PLC,Lake Tanyaton,Massachusetts,Now,Mexican,ORD417,2,9.76,2.54,22.06,2024-03-10 20:32:49.879423
418,Randy Johnson,39,Female,1418,Cassandra Johnson,22,Female,"Wilson, Davis and Cannon",South Derek,Louisiana,Trade,American,ORD418,4,14.25,4.88,61.88,2024-04-04 07:52:51.928058
419,Alexis Sharp,39,Female,1419,Sherry Anderson,28,Male,"Hall, Richard and Collins",South Michael,Georgia,Reach,Japanese,ORD419,2,9.04,3.88,21.96,2024-03-03 08:45:36.896704
420,Mark Paul,30,Female,1420,Scott Williams,43,Female,Howard and Sons,Brandonville,Idaho,Let,American,ORD420,2,17.26,6.75,41.27,2024-04-13 05:19:20.522005
421,Ronald Clayton,34,Male,1421,Jeffery Wright,58,Female,Hammond Group,South Nathanport,North Dakota,Continue,American,ORD421,3,12.13,6.69,43.08,2024-03-21 00:44:35.260568
422,Morgan Smith,39,Female,1422,Nicholas Williams,35,Male,Bailey-Trujillo,Patrickside,Virginia,Just,Italian,ORD422,1,16.41,6.71,23.12,2024-03-08 07:04:11.872501
423,Michael Bennett,26,Female,1423,Gilbert Delgado,32,Male,Brown Ltd,Lake Mistyside,Minnesota,Church,Indian,ORD423,5,11.83,2.96,62.11,2024-01-11 10:01:07.452434
424,Patrick Tucker,27,Male,1424,Juan Fuentes,56,Male,Benson Inc,Fullerfort,Maryland,College,Japanese,ORD424,3,16.36,6.65,55.73,2024-02-26 19:14:44.537891
425,Debra Randall,54,Male,1425,Miranda Perez,45,Male,Stewart-Porter,Lake Tracie,New York,Consider,Thai,ORD425,3,9.28,6.28,34.12,2024-01-31 02:51:35.923886
426,Carlos Day,29,Female,1426,Heather Bryant,46,Male,"Brown, Butler and Huang",Williamburgh,Arkansas,Station,Indian,ORD426,1,17.29,3.22,20.51,2024-03-05 21:39:57.340326
427,Wendy Pierce,34,Male,1427,Julie Little,27,Female,"Taylor, Khan and Ortiz",North Chadfurt,Georgia,Any,Mexican,ORD427,2,19.0,6.25,44.25,2024-01-16 04:22:23.568512
428,Peter Chavez,60,Male,1428,Thomas Robinson,33,Male,"Kim, Mccormick and Payne",South Angela,New York,Guy,Vietnamese,ORD428,5,7.31,3.19,39.74,2024-02-27 22:06:09.461937
429,Matthew Jackson,46,Male,1429,Jamie Taylor,50,Male,Rodriguez LLC,North Alyssaville,Michigan,Clearly,Thai,ORD429,1,11.29,4.39,15.68,2024-02-03 11:44:10.556316
430,Samantha Gonzalez,39,Female,1430,Nancy Morris,23,Male,"Ramos, Cunningham and Williams",Carrollmouth,Kansas,Popular,Vietnamese,ORD430,1,18.88,6.33,25.21,2024-02-09 04:56:18.351717
431,Jasmine Villarreal,31,Female,1431,Mrs. Michele Thomas,31,Female,Briggs-Stephens,Jimtown,Colorado,Lay,Italian,ORD431,1,16.46,2.41,18.87,2024-03-14 15:26:17.556863
432,Cindy Wood,34,Male,1432,Sierra Livingston,21,Male,"Clayton, Gomez and Quinn",East Jennifer,Pennsylvania,Always,Mexican,ORD432,4,13.83,3.81,59.13,2024-02-04 22:55:39.898120
433,Cody Johnson,19,Male,1433,Jacqueline Martinez,23,Female,Hensley-Moore,East Troychester,New Jersey,Quickly,Vietnamese,ORD433,1,15.95,3.96,19.91,2024-01-17 08:09:09.370925
434,Daniel Warren,50,Male,1434,Jeremy Garcia,45,Male,"Rodriguez, Ward and Hogan",North Monique,Arkansas,Building,Japanese,ORD434,1,13.51,3.18,16.69,2024-03-21 12:42:08.388263
435,Patricia Martin,58,Female,1435,David Hall,45,Male,"Romero, Phillips and Fowler",Leeberg,Arizona,Within,Japanese,ORD435,5,6.43,2.05,34.2,2024-02-04 22:24:12.064223
436,Damon Richardson,25,Female,1436,Francisco Benson,33,Female,Lane-Baird,Port Stephanieburgh,Alabama,Figure,Vietnamese,ORD436,5,11.14,5.25,60.95,2024-03-09 20:55:18.228797
437,Patricia Gutierrez,28,Male,1437,Lucas Smith,45,Male,Williams-Hogan,Nicolefort,Connecticut,Operation,Italian,ORD437,4,19.71,2.21,81.05,2024-03-26 20:50:33.120963
438,Melissa Huynh,54,Male,1438,Nathaniel Lozano,40,Male,Garcia-Estrada,Houstonfort,Pennsylvania,Hotel,Mexican,ORD438,3,6.43,3.11,22.4,2024-01-26 03:37:36.309116
439,Benjamin Ramos,26,Male,1439,Stephen Huynh,45,Male,Gray-Mooney,South Markchester,Indiana,Commercial,American,ORD439,5,5.19,3.02,28.97,2024-01-25 16:44:44.046138
440,Amber Bauer,32,Male,1440,Mary Glenn,30,Male,"Mosley, Torres and Sellers",South Angela,Texas,His,Italian,ORD440,5,17.83,3.88,93.03,2024-03-19 07:50:08.374897
441,Melissa Barnes,51,Female,1441,Courtney White,26,Male,Miller PLC,Mackfurt,New York,Behind,American,ORD441,4,11.28,6.56,51.68,2024-01-11 21:46:31.458549
442,Donald Coleman,55,Male,1442,Derek Gomez,33,Female,"Miller, Newton and Harris",South Erica,Pennsylvania,Gas,American,ORD442,4,6.28,2.57,27.69,2024-03-11 18:53:32.864672
443,Cody Macdonald Jr.,18,Male,1443,Lisa Turner,49,Male,Hartman-Jackson,Port Matthew,Illinois,Certain,Mexican,ORD443,5,8.4,6.68,48.68,2024-01-11 10:10:22.963830
444,Kelly Obrien,53,Female,1444,Michael Smith,59,Male,Richardson-Jones,West Alyssastad,Hawaii,Dream,Japanese,ORD444,3,11.94,5.67,41.49,2024-03-22 18:05:05.062364
445,Janice Reed DDS,19,Female,1445,Kara Mckinney,34,Male,Young-Shaw,Hollyport,Delaware,Shoulder,Thai,ORD445,1,12.03,2.16,14.19,2024-01-31 01:16:11.105371
446,Jose Williams,39,Female,1446,Vickie Dixon,57,Female,"Adams, Williams and Hood",Sharonborough,Connecticut,Stand,Thai,ORD446,5,9.45,5.26,52.51,2024-01-05 11:02:41.924137
447,Robin Friedman,42,Male,1447,Kristin Clay,21,Male,"Hill, Smith and Greene",Kaylastad,Alabama,Similar,Vietnamese,ORD447,2,18.48,3.03,39.99,2024-01-10 04:45:44.225102
448,Corey Roberts,47,Female,1448,Mark Williams,54,Female,Garcia and Sons,Michaelfort,Tennessee,Hand,American,ORD448,2,15.08,2.88,33.04,2024-02-07 23:34:39.229277
449,Tony Kennedy,18,Female,1449,Michelle Weaver,45,Male,"Conner, Contreras and Osborne",Herringberg,Iowa,Probably,Japanese,ORD449,5,16.0,6.56,86.56,2024-02-02 12:48:47.798856
450,Alexandria Cooper,41,Male,1450,Stacy Hunt,37,Male,Williamson PLC,East Danielleburgh,Montana,Them,Japanese,ORD450,4,19.0,4.08,80.08,2024-02-01 21:54:21.526833
451,Aaron Graham DVM,30,Female,1451,Lucas Bowers,31,Female,Mills and Sons,New Brentborough,Massachusetts,Attack,Mexican,ORD451,1,8.99,4.02,13.01,2024-02-05 04:43:50.046201
452,Cynthia Garcia,31,Male,1452,Ashley Gonzales,44,Male,Anderson-Jones,Garrettmouth,Oregon,Performance,American,ORD452,5,7.61,6.56,44.61,2024-02-11 21:25:01.497148
453,Julie Clark,45,Female,1453,Cody Lewis,27,Male,Lopez-Reynolds,Ginaberg,Illinois,Story,Mexican,ORD453,2,5.29,5.05,15.63,2024-04-12 14:23:03.819862
454,Sarah Peterson,32,Male,1454,Jason Carroll,37,Female,"Hernandez, Howard and Lewis",Lake Deborah,Rhode Island,Late,Japanese,ORD454,1,18.92,3.31,22.23,2024-04-18 11:56:49.782760
455,Susan Navarro,49,Male,1455,Robert Osborn,32,Female,"Medina, Russell and Barnes",Andersonfort,Maine,Series,Italian,ORD455,3,5.5,6.82,23.32,2024-02-15 08:21:38.633551
456,Barry Adams,28,Female,1456,Teresa Campbell,27,Female,"Whitney, Beck and Collins",Margaretfort,Pennsylvania,Person,Italian,ORD456,1,16.92,6.22,23.14,2024-03-21 12:45:21.384506
457,Mark Black,42,Male,1457,Steven Jackson,23,Male,Smith Ltd,New Loganborough,Minnesota,Truth,Vietnamese,ORD457,2,17.28,3.99,38.55,2024-03-01 04:58:17.961683
458,Maria Acosta,45,Female,1458,Diana Miller,60,Female,Park LLC,New Rhonda,South Carolina,Western,Japanese,ORD458,1,18.16,6.32,24.48,2024-03-02 03:18:19.122087
459,Tanya Peterson,57,Male,1459,Patrick Walter,55,Male,Rios Group,Josephtown,Missouri,Need,Italian,ORD459,5,15.32,3.85,80.45,2024-01-17 18:23:59.793548
460,Paula Patterson,58,Female,1460,Danielle Barnes,21,Male,Garcia-Evans,Moyerborough,Oregon,Wish,Thai,ORD460,4,19.46,5.77,83.61,2024-03-31 17:13:13.226496
461,Kristen Salas,51,Female,1461,Lisa Holmes,55,Male,Huang-Lowe,Lake James,Massachusetts,Sell,Vietnamese,ORD461,3,12.89,6.55,45.22,2024-03-16 04:49:11.426360
462,Trevor Bishop,58,Female,1462,Rebecca Williams,40,Female,Perez-Garza,North Emmatown,Texas,Detail,Thai,ORD462,2,19.39,3.73,42.51,2024-04-04 18:33:24.242579
463,Jaime Collins,27,Male,1463,Brian Clark,32,Female,Brown Ltd,West Natalie,Minnesota,Talk,Vietnamese,ORD463,3,9.21,5.38,33.01,2024-04-03 11:31:14.692488
464,Elizabeth Jones,18,Female,1464,Brian Roman,22,Male,Gardner Group,North Vanessa,North Dakota,American,Indian,ORD464,1,10.71,3.99,14.7,2024-01-03 18:30:11.092439
465,Kevin Miller,36,Female,1465,Kelly Clark,28,Female,Martinez and Sons,Greenberg,Alaska,You,Vietnamese,ORD465,1,19.49,6.22,25.71,2024-02-23 23:37:46.251694
466,Carla Walker,38,Female,1466,Edward Morse,27,Male,Roberson-Avila,Tonyfurt,Washington,Traditional,Thai,ORD466,3,13.74,5.66,46.88,2024-01-16 01:30:48.640376
467,Gloria Bryant,18,Male,1467,Angela Wells,44,Female,Porter and Sons,North Christina,Alaska,None,Vietnamese,ORD467,4,18.96,6.23,82.07,2024-04-16 03:18:53.256824
468,John Garcia,46,Male,1468,Scott King,55,Male,Wade-Mueller,Jessicaton,New Mexico,Very,Vietnamese,ORD468,1,16.96,3.38,20.34,2024-03-25 00:40:47.554019
469,Lisa Alvarado,31,Male,1469,Sean Callahan,36,Female,Moore Ltd,Janiceborough,Oklahoma,Draw,Mexican,ORD469,4,15.82,3.62,66.9,2024-03-12 22:18:54.713672
470,Jesse Sanders,30,Female,1470,Dr. Cathy Stewart,23,Female,Martin-Johnson,Port Thomas,Nevada,Live,American,ORD470,4,19.6,6.68,85.08,2024-04-04 09:02:23.402384
471,James Howard,29,Male,1471,Melissa Boyle,51,Female,Fisher Ltd,North Annafurt,West Virginia,Buy,Vietnamese,ORD471,5,6.3,6.1,37.6,2024-03-03 01:51:58.232904
472,David Wagner,29,Male,1472,Kim Hutchinson,50,Female,Johns-Francis,Petersonfort,South Dakota,Room,American,ORD472,4,5.39,4.53,26.09,2024-03-05 21:57:49.346568
473,Xavier Velasquez,54,Female,1473,Cody Johnson,55,Female,Duncan-Carson,Deborahshire,North Dakota,Page,Italian,ORD473,3,9.2,3.81,31.41,2024-02-02 18:28:15.395165
474,Lauren Bryan,24,Male,1474,Alisha Butler,19,Female,"Wright, Knox and Good",Alexanderbury,Connecticut,Thought,Thai,ORD474,5,15.17,4.34,80.19,2024-03-19 06:20:38.749768
475,Stanley Barr,47,Male,1475,Michael Joyce,57,Male,Hernandez Group,Austinfurt,Missouri,Full,Italian,ORD475,5,9.56,2.76,50.56,2024-01-21 21:22:38.969431
476,Tracy Johnson,19,Female,1476,Melinda May,32,Female,"Le, Knight and Warner",Simmonsburgh,Maryland,Six,Japanese,ORD476,5,10.8,6.48,60.48,2024-03-30 00:12:20.914207
477,John Frank,38,Male,1477,Nicole Contreras,60,Female,"Wade, Jenkins and Johnson",Aprilchester,Indiana,Go,American,ORD477,3,17.69,5.28,58.35,2024-03-21 10:04:45.040307
478,Jacqueline Sanders,42,Female,1478,Stephanie Smith,59,Male,Snyder-Williams,Lauraside,New Mexico,Letter,Mexican,ORD478,3,17.12,6.07,57.43,2024-02-13 04:05:57.237216
479,Kenneth Williams,46,Male,1479,Jason Ferguson,20,Male,Allen and Sons,Keithville,Hawaii,Former,Mexican,ORD479,5,18.89,2.09,96.54,2024-03-08 09:22:10.104739
480,Patricia Owen,27,Female,1480,Frank Cole,28,Male,Newman and Sons,Whiteburgh,Montana,Race,Vietnamese,ORD480,3,18.29,5.77,60.64,2024-02-17 12:06:08.433414
481,Phillip Chavez,30,Male,1481,Noah Wallace,36,Female,"Tran, Conrad and Ramirez",Elizabethmouth,North Dakota,Radio,Mexican,ORD481,3,8.95,6.19,33.04,2024-03-24 19:18:45.616029
482,Susan Johnson,33,Female,1482,Robert Garcia,47,Male,Perez LLC,Barronville,Colorado,Good,Japanese,ORD482,1,18.54,5.44,23.98,2024-04-04 13:47:59.813122
483,David Mcbride,52,Female,1483,Amanda Smith,52,Male,Lee LLC,South Andrewtown,Michigan,Last,Italian,ORD483,1,7.44,5.37,12.81,2024-01-21 20:04:49.413273
484,Lydia Bryant,32,Male,1484,Mrs. Tiffany Nelson,37,Male,Miller LLC,Stephanieland,Pennsylvania,Idea,Japanese,ORD484,2,18.68,6.93,44.29,2024-04-13 09:57:35.884115
485,Elizabeth Peterson,28,Male,1485,Ms. Wendy Ayala,56,Male,Brooks PLC,East Margaret,Nebraska,Finish,Thai,ORD485,5,11.11,3.67,59.22,2024-03-09 04:40:38.949947
486,Frederick Mcguire,55,Female,1486,Julie Chambers,39,Male,"Coffey, Gonzalez and Sullivan",Millerbury,North Dakota,Set,Japanese,ORD486,5,14.0,6.5,76.5,2024-01-12 05:30:53.725777
487,Kristina Martinez,41,Female,1487,Russell Frazier,50,Female,Waters-Duarte,Masseyfurt,Indiana,Return,Vietnamese,ORD487,1,5.29,4.43,9.72,2024-03-02 16:56:12.421731
488,Cheryl Dalton,31,Female,1488,Margaret Jones,31,Female,Powell-Murphy,Ernestport,Indiana,Decision,Thai,ORD488,1,6.69,4.91,11.6,2024-04-08 03:55:52.477994
489,Brian Dickson DDS,19,Female,1489,Heather Ward,35,Female,Johnson-Larson,Katherineside,South Carolina,Reality,American,ORD489,1,14.36,4.3,18.66,2024-03-21 07:39:26.826706
490,Carol Torres DVM,34,Female,1490,Mark King,55,Female,Wang-Escobar,Lake Caitlinchester,Arizona,Something,Vietnamese,ORD490,2,8.74,5.72,23.2,2024-04-18 21:38:32.257081
491,Ronald Flores,56,Female,1491,Dustin Johnson,33,Female,Williams-Miller,Arnoldshire,New York,Seat,Japanese,ORD491,5,9.48,2.48,49.88,2024-02-10 14:40:56.989269
492,Daniel Hale,23,Male,1492,Stephanie Perez,55,Female,"Patterson, Lambert and Maxwell",Gonzaleztown,Oklahoma,Want,Thai,ORD492,4,13.42,3.43,57.11,2024-04-14 08:08:25.248178
493,Jeffrey Odonnell,41,Female,1493,Brandon Russell,37,Male,Decker-Anderson,Port Tammyport,Louisiana,Value,American,ORD493,2,11.14,2.27,24.55,2024-01-04 15:41:24.950840
494,Jennifer Green,24,Female,1494,Taylor Wilson,55,Male,Walters-Parsons,Nicholasfurt,New Jersey,Country,Vietnamese,ORD494,1,12.23,6.43,18.66,2024-02-01 09:41:48.691560
495,Ashley Wright,44,Female,1495,Julie Stevens,28,Male,"Hall, May and Martinez",East Davidhaven,South Carolina,Hospital,Indian,ORD495,4,14.62,5.62,64.1,2024-02-12 01:11:29.928998
496,Joanne Cox,56,Female,1496,Gina Murphy,24,Male,Hernandez and Sons,Amberport,Michigan,Hold,Indian,ORD496,3,13.07,2.89,42.1,2024-03-07 20:35:00.903611
497,Jennifer Flores,23,Female,1497,Melissa Graham,28,Male,Roberts Group,North Kimberlyville,Idaho,Today,Mexican,ORD497,5,5.18,4.97,30.87,2024-04-05 05:05:57.223587
498,Jeanette Rogers,29,Female,1498,Martha Newton,35,Female,Hart-Walker,East Nathanielmouth,Illinois,Nor,Thai,ORD498,5,5.92,5.83,35.43,2024-01-21 02:37:07.059830
499,Mary Hughes MD,51,Male,1499,Victoria Wilkins,22,Female,"Welch, Reed and Carter",Brookshaven,Hawaii,Year,Mexican,ORD499,5,16.42,6.44,88.54,2024-02-08 13:12:49.285363
500,Scott Alexander,21,Female,1500,Michael Montgomery,23,Female,Robinson-Hill,Lake Courtney,Colorado,Relationship,Indian,ORD500,2,16.44,5.42,38.3,2024-03-07 05:24:34.835389
